Post ID,Account username,Description,Publish time,Permalink,Post type,Data comment,Date,Views,Plays,Reach,Impressions,Likes,Comments,Shares,Saved,Follows,Total Interactions,Replies,Navigation,Profile visits,Link clicks,Sticker taps,Media URL,Thumbnail URL,__total_engagements,__engagement_rate,__rank
1.79188E+16,hamletisntdead,"@firebird.nyc @tier5theatrecompany @arachne_theater @murmurationtheatreco @undergroundskillsx @barefootshakes Let‚Äôs see your #standoutchallenge and pass it along to 5 theatres. (Yes, we did 6, we couldn‚Äôt choose.)

PSA: Please help Nick. He needs safe people in the audience. See Cymbeline.
.
.
#supportindietheater #hamletisntdead #hidiots #shakespeare #theatrekid #nycshakespeare #cymbeline",2025-05-19 16:50:17+00:00,https://www.instagram.com/reel/DJ11jeyuliq/,VIDEO,Lifetime,Lifetime,1129,,781,,30,14,7,0,0,51,0,,,,,https://scontent-lga3-2.cdninstagram.com/o1/v/t2/f2/m86/AQN4_pr_0JSoYWEqKyakItAfm7XtvYoe5tnQ0TsISQrhJVD46zeh1QRRpt-sd_W996y34pCvhCZEF4enjJq98pw_To7CDC5Ioxah_Lg.mp4?_nc_cat=100&_nc_sid=5e9851&_nc_ht=scontent-lga3-2.cdninstagram.com&_nc_ohc=vKQNOinahtgQ7kNvwFZGmuY&efg=eyJ2ZW5jb2RlX3RhZyI6Inhwdl9wcm9ncmVzc2l2ZS5JTlNUQUdSQU0uQ0xJUFMuQzMuMzYwLmRhc2hfYmFzZWxpbmVfM192MSIsInhwdl9hc3NldF9pZCI6MTA3NDMyOTEzNzg4MDM0MiwiYXNzZXRfYWdlX2RheXMiOjI1NywidmlfdXNlY2FzZV9pZCI6MTAwOTksImR1cmF0aW9uX3MiOjM4LCJ1cmxnZW5fc291cmNlIjoid3d3In0%3D&ccb=17-1&_nc_gid=dswWwtrtCF26Lqa5iMskRQ&edm=AM6HXa8EAAAA&_nc_zt=28&vs=30beb22d7c319d87&_nc_vs=HBksFQIYUmlnX3hwdl9yZWVsc19wZXJtYW5lbnRfc3JfcHJvZC9BOTQ5QzMxQzBCM0QzMkIxMzhERDc5OEEzQ0NGRDFBNV92aWRlb19kYXNoaW5pdC5tcDQVAALIARIAFQIYR2lnX3hwdl9yZWVsc19wZXJtYW5lbnRfc3JfcHJvZC8xMjYyODcwNDk4ODgxNDIzXzU3OTA0Mjg0NDM4NTY1MTk2ODkubXA0FQICyAESACgAGAAbAogHdXNlX29pbAExEnByb2dyZXNzaXZlX3JlY2lwZQExFQAAJqz0lOqXxugDFQIoAkMzLBdAQ13S8an75xgSZGFzaF9iYXNlbGluZV8zX3YxEQB1_gdl5p0BAA&oh=00_AfuOcZm-TR1cRm1vCsdxgLh8-TYaeCoGPO9zsJz-2W2OCA&oe=69803151,https://scontent-lga3-1.cdninstagram.com/v/t51.75761-15/499408395_18507179758017986_6016879293552400836_n.jpg?stp=dst-jpg_e35_tt6&_nc_cat=102&ccb=7-5&_nc_sid=18de74&efg=eyJlZmdfdGFnIjoiQ0xJUFMuYmVzdF9pbWFnZV91cmxnZW4uQzMifQ%3D%3D&_nc_ohc=IwCwc5tM2A8Q7kNvwEHvyjg&_nc_oc=Adlcuhq2cYpXFTtydvINOmnD_Jmdt1PCI3mhS7uxr23QUYHJmiyk_Y5fhZNfDCmORU-lPpmOPkS4Blfodz7llrwy&_nc_zt=23&_nc_ht=scontent-lga3-1.cdninstagram.com&edm=AM6HXa8EAAAA&_nc_gid=dswWwtrtCF26Lqa5iMskRQ&oh=00_Aftx4tO25n9hhz7WlMGiXFsIVohkgktsqZBqNbDUnPI0lA&oe=69841FB6,51,0.065300896,1
1.80843E+16,hamletisntdead,"You mean to tell me this cast is both hot AND funny?? The legends are true. 

Come see #Cymbeline for yourself, closing June 1st! A bombastic, musical, and meme-infused ride from start to finish- we promise you'll never have more fun watching #Shakespeare 

Video by the Great Francis Lai @lacasadelfrancois
Music by @dukenorsworthy and @fenningermomo with @reidywatson on Viola üéª

#HamletIsntDead #Hidiots #OffBroadway #OffOffBroadway",2025-05-24 14:24:50+00:00,https://www.instagram.com/reel/DKCfYLANndX/,VIDEO,Lifetime,Lifetime,2105,,1093,,47,5,17,2,0,71,0,,,,,https://scontent-lga3-2.cdninstagram.com/o1/v/t2/f2/m86/AQMy2bn1Sgc61lPhMcJKizAmL__L468Ah4Dd4sOz68jLcOlRA5nENH7lFy_t9qnSTZMqUlpX45SE04iMpGCu3NfPQhrS7E-fETvyhcs.mp4?_nc_cat=100&_nc_sid=5e9851&_nc_ht=scontent-lga3-2.cdninstagram.com&_nc_ohc=WoNXH_JmZcsQ7kNvwElIPUi&efg=eyJ2ZW5jb2RlX3RhZyI6Inhwdl9wcm9ncmVzc2l2ZS5JTlNUQUdSQU0uQ0xJUFMuQzMuMzYwLmRhc2hfYmFzZWxpbmVfM192MSIsInhwdl9hc3NldF9pZCI6MTE4NDM5MTI2MzQzNDMwNywiYXNzZXRfYWdlX2RheXMiOjI1MiwidmlfdXNlY2FzZV9pZCI6MTAwOTksImR1cmF0aW9uX3MiOjI4LCJ1cmxnZW5fc291cmNlIjoid3d3In0%3D&ccb=17-1&vs=429be4621f3045&_nc_vs=HBksFQIYUmlnX3hwdl9yZWVsc19wZXJtYW5lbnRfc3JfcHJvZC84RTQzN0ZFNjFENkQ2RUFCRjFFMzgwN0IyRjJCQ0ZBNV92aWRlb19kYXNoaW5pdC5tcDQVAALIARIAFQIYRmlnX3hwdl9yZWVsc19wZXJtYW5lbnRfc3JfcHJvZC83MjQ3MzA2MDk4OTg1MzZfNzQ0NDIzMDQxMzUxMTQ0NjM0NC5tcDQVAgLIARIAKAAYABsCiAd1c2Vfb2lsATEScHJvZ3Jlc3NpdmVfcmVjaXBlATEVAAAmhtnByNLMmgQVAigCQzMsF0A8RBiTdLxqGBJkYXNoX2Jhc2VsaW5lXzNfdjERAHX-B2XmnQEA&_nc_gid=dswWwtrtCF26Lqa5iMskRQ&edm=AM6HXa8EAAAA&_nc_zt=28&oh=00_AfuNODLDqTzvf-ZU9lKGJSkSYyH7MjlST9uiZVV7zfmX1w&oe=69801D11,https://scontent-lga3-1.cdninstagram.com/v/t51.75761-15/500538935_18508125580017986_8273550311297275788_n.jpg?stp=dst-jpg_e35_tt6&_nc_cat=102&ccb=7-5&_nc_sid=18de74&efg=eyJlZmdfdGFnIjoiQ0xJUFMuYmVzdF9pbWFnZV91cmxnZW4uQzMifQ%3D%3D&_nc_ohc=Nunh-iM-ky0Q7kNvwGJWr5t&_nc_oc=AdnAjhoE9OorEqqv2_7oEIN4QD5MrlQ-2he80vgXUo69h6KP1LWoUwKvDpoHb2eRvGVVJ5wzZUwEMYvEmGrRty8W&_nc_zt=23&_nc_ht=scontent-lga3-1.cdninstagram.com&edm=AM6HXa8EAAAA&_nc_gid=dswWwtrtCF26Lqa5iMskRQ&oh=00_AfsROqwNFXuodXci6SrRkpG5URSo61kRboXzrepGRdfyOg&oe=6984293D,71,0.064958829,2
1.78694E+16,hamletisntdead,"The memes are strong with this cast! Which character do you most identify with? 

#Cymbeline #CymbelMeme #HamletIsntDead #Hidiots #Shakespeare #Memes",2025-04-28 13:00:48+00:00,https://www.instagram.com/reel/DI_bw8gOyyB/,VIDEO,Lifetime,Lifetime,1051,,690,,32,3,6,2,0,43,0,,,,,https://scontent-lga3-2.cdninstagram.com/o1/v/t2/f2/m86/AQP06UqHeSKuLAD8Kj2Tvm0aPgCpgyAwKleUI21Kh9X4ioXI1PiOmQqxcVKZyhknUuY27h-MQugeNvye_ET43olPGNSem3TjQDFwklE.mp4?_nc_cat=109&_nc_sid=5e9851&_nc_ht=scontent-lga3-2.cdninstagram.com&_nc_ohc=CF7CJMCYhrkQ7kNvwG68S3F&efg=eyJ2ZW5jb2RlX3RhZyI6Inhwdl9wcm9ncmVzc2l2ZS5JTlNUQUdSQU0uQ0xJUFMuQzMuMzYwLmRhc2hfYmFzZWxpbmVfM192MSIsInhwdl9hc3NldF9pZCI6MTU3MDEyMzk5MzY1ODExOSwiYXNzZXRfYWdlX2RheXMiOjI4MCwidmlfdXNlY2FzZV9pZCI6MTAwOTksImR1cmF0aW9uX3MiOjY1LCJ1cmxnZW5fc291cmNlIjoid3d3In0%3D&ccb=17-1&_nc_gid=dswWwtrtCF26Lqa5iMskRQ&edm=AM6HXa8EAAAA&_nc_zt=28&vs=f5bc17c362853153&_nc_vs=HBksFQIYUmlnX3hwdl9yZWVsc19wZXJtYW5lbnRfc3JfcHJvZC9BQzRDNkE5RDZFQjJCMThFNzA3MTJENDg1OTAzQkJBRF92aWRlb19kYXNoaW5pdC5tcDQVAALIARIAFQIYR2lnX3hwdl9yZWVsc19wZXJtYW5lbnRfc3JfcHJvZC8xNzQwMDQ1MzU2NjMwODcwXzgwMjgyODI2MTI5OTkzMzg3NzEubXA0FQICyAESACgAGAAbAogHdXNlX29pbAExEnByb2dyZXNzaXZlX3JlY2lwZQExFQAAJo7Mqa6fgcoFFQIoAkMzLBdAUGzMzMzMzRgSZGFzaF9iYXNlbGluZV8zX3YxEQB1_gdl5p0BAA&oh=00_AfvcU5Ifxe-FTChnI-bN5V8Zi9AepmDUrLrN1gCNw3W7xg&oe=6980066A,https://scontent-lga3-1.cdninstagram.com/v/t51.71878-15/491516744_685128717531907_3153097686818563373_n.jpg?stp=dst-jpg_e35_tt6&_nc_cat=102&ccb=7-5&_nc_sid=18de74&efg=eyJlZmdfdGFnIjoiQ0xJUFMuYmVzdF9pbWFnZV91cmxnZW4uQzMifQ%3D%3D&_nc_ohc=9pnvfLEUptEQ7kNvwEWLiIV&_nc_oc=AdlokP3UkB6x_slga7FcHiogFBBO2HrQWJK4iRs9N3EhCI_dy-GjCT2gAPxKvhdoC08PyrLd-emJP-LPG0sV-ch-&_nc_zt=23&_nc_ht=scontent-lga3-1.cdninstagram.com&edm=AM6HXa8EAAAA&_nc_gid=dswWwtrtCF26Lqa5iMskRQ&oh=00_AfvuGqnbVj6JJGNyfcoHiTHxDiq-700xvWS45ZWFxacp_w&oe=6983FB1E,43,0.062318841,3
1.80822E+16,hamletisntdead,"TONIGHT! The gang is back with a brand new image, a brand new theater @wildprojectnyc and the same old heart üíô

Shakespeare meets Severance in this immersive festival favorite now coming to #NYCFringe for four nights only!

#HamletIsntDead #Hidiots #Shakespeare #TheatreKid #WhenMyCueComes",2025-04-03 12:44:31+00:00,https://www.instagram.com/reel/DH_CAdjJy_L/,VIDEO,Lifetime,Lifetime,1740,,1085,,43,6,13,2,0,64,0,,,,,https://scontent-lga3-3.cdninstagram.com/o1/v/t2/f2/m367/AQOYKiLN58S-6bq_LyB9vnenBZmUjtPiBNNAef7xlKZwHaUnMBUAtHjHTnuhu_egk18-n2NsE3Ie7otxqUaVRYwFehqJofp7bPALq5E.mp4?_nc_cat=106&_nc_sid=5e9851&_nc_ht=scontent-lga3-3.cdninstagram.com&_nc_ohc=pncDKd5xmMIQ7kNvwFJpmxK&efg=eyJ2ZW5jb2RlX3RhZyI6Inhwdl9wcm9ncmVzc2l2ZS5JTlNUQUdSQU0uQ0xJUFMuQzMuNzIwLmRhc2hfYmFzZWxpbmVfMV92MSIsInhwdl9hc3NldF9pZCI6MTIyMTc1NDg5NjEwOTAzOCwiYXNzZXRfYWdlX2RheXMiOjMwMywidmlfdXNlY2FzZV9pZCI6MTAwOTksImR1cmF0aW9uX3MiOjMyLCJ1cmxnZW5fc291cmNlIjoid3d3In0%3D&ccb=17-1&_nc_gid=dswWwtrtCF26Lqa5iMskRQ&edm=AM6HXa8EAAAA&_nc_zt=28&vs=441fc84286b60fef&_nc_vs=HBksFQIYQGlnX2VwaGVtZXJhbC9GNDRGQTAxRkY3REM4Q0YyMDc4QkM3MTU0QTVCMTk5OF92aWRlb19kYXNoaW5pdC5tcDQVAALIARIAFQIYR2lnX3hwdl9yZWVsc19wZXJtYW5lbnRfc3JfcHJvZC8xMDA4NjU4MjU3ODkzOTE4Xzc0ODk0MDUwMTI5NTMwMTQzNzcubXA0FQICyAESACgAGAAbAogHdXNlX29pbAExEnByb2dyZXNzaXZlX3JlY2lwZQExFQAAJty3rqm_y6sEFQIoAkMzLBdAQCZFocrAgxgSZGFzaF9iYXNlbGluZV8xX3YxEQB1_gdl5p0BAA&oh=00_AftnKuZ_SOevscP8zR_DrhPlrOHdqBxBC7AwcyBdjVzh7A&oe=698422EB,https://scontent-lga3-3.cdninstagram.com/v/t51.75761-15/487674808_18498467230017986_6552195572269079701_n.jpg?stp=dst-jpg_e35_tt6&_nc_cat=106&ccb=7-5&_nc_sid=18de74&efg=eyJlZmdfdGFnIjoiQ0xJUFMuYmVzdF9pbWFnZV91cmxnZW4uQzMifQ%3D%3D&_nc_ohc=6OIBeMrQ0j0Q7kNvwGFbQpk&_nc_oc=Adkz6ClB4iMJKZrbXIfi9wR7MGT0ymSLrJvtObp2JsmsXi7r4g-jvdsP6l9ef8sdckRbnYzBUQOp0nw8eevyXQYM&_nc_zt=23&_nc_ht=scontent-lga3-3.cdninstagram.com&edm=AM6HXa8EAAAA&_nc_gid=dswWwtrtCF26Lqa5iMskRQ&oh=00_AfvqZYSaNR4vu-jAp_7SWp3Y8u2fPQ7vWoDpPMUfKD8kEA&oe=69840AB7,64,0.058986175,4
1.80834E+16,hamletisntdead,"Obviously Shakespeare intended for #Cymbeline to take place in the early 2000s, but what were our cast and crew doing around that time? ü§î 

I think we all basically look the same. ü§∑üèª‚Äç‚ôÇÔ∏è

#CymbelMeme #Shakespeare #TheatreKid #NYCActor #2000sNostalgia #Millennial",2025-05-13 12:50:08+00:00,https://www.instagram.com/reel/DJmCPgKu6do/,VIDEO,Lifetime,Lifetime,1470,,907,,34,5,10,1,0,50,0,,,,,https://scontent-lga3-2.cdninstagram.com/o1/v/t2/f2/m86/AQP6Xew-f1fyTcglXAQRUoCXGQvTjJqTWHPmaH0YEPaJuvEK8HY6kNHgCIOEby0OKSbCaqHiK-_81WGpQL1UU5C7VWs-iJnbOB48ymg.mp4?_nc_cat=107&_nc_sid=5e9851&_nc_ht=scontent-lga3-2.cdninstagram.com&_nc_ohc=VeRUDnx5AsQQ7kNvwHFmS12&efg=eyJ2ZW5jb2RlX3RhZyI6Inhwdl9wcm9ncmVzc2l2ZS5JTlNUQUdSQU0uQ0xJUFMuQzMuMzYwLmRhc2hfYmFzZWxpbmVfM192MSIsInhwdl9hc3NldF9pZCI6MTY4OTk4NDk4ODMxMjg5NywiYXNzZXRfYWdlX2RheXMiOjI2MywidmlfdXNlY2FzZV9pZCI6MTAwOTksImR1cmF0aW9uX3MiOjQ1LCJ1cmxnZW5fc291cmNlIjoid3d3In0%3D&ccb=17-1&_nc_gid=dswWwtrtCF26Lqa5iMskRQ&edm=AM6HXa8EAAAA&_nc_zt=28&vs=d470faabf6ed7ffe&_nc_vs=HBksFQIYUmlnX3hwdl9yZWVsc19wZXJtYW5lbnRfc3JfcHJvZC82RjQ1MkQ4MkM2NkM3MTk5Njc0OEZCMkE5OTkwMTVCQl92aWRlb19kYXNoaW5pdC5tcDQVAALIARIAFQIYRmlnX3hwdl9yZWVsc19wZXJtYW5lbnRfc3JfcHJvZC82NzUxOTMzODUzMDA3MzBfODQ5MjIyMTQ5MDQ2OTM4NTk1NS5tcDQVAgLIARIAKAAYABsCiAd1c2Vfb2lsATEScHJvZ3Jlc3NpdmVfcmVjaXBlATEVAAAmgtW7ronCgAYVAigCQzMsF0BGkQYk3S8bGBJkYXNoX2Jhc2VsaW5lXzNfdjERAHX-B2XmnQEA&oh=00_AfvTVjfVK8ilz57FRUDDykydSTt7r4079_qxlWOGKzMgDA&oe=6980258C,https://scontent-lga3-2.cdninstagram.com/v/t51.71878-15/497527783_652866797567856_8422483264156437716_n.jpg?stp=dst-jpg_e35_tt6&_nc_cat=105&ccb=7-5&_nc_sid=18de74&efg=eyJlZmdfdGFnIjoiQ0xJUFMuYmVzdF9pbWFnZV91cmxnZW4uQzMifQ%3D%3D&_nc_ohc=9YOV7dwvfzcQ7kNvwGAqVuh&_nc_oc=AdkcPSRv8gqC5dhb2zPCC8zXR4ue1WPqemtz3vDnIoOojqDJKE9mzsbhwpUVe76YPhkOKKKkHIUuF4er0fLhbgme&_nc_zt=23&_nc_ht=scontent-lga3-2.cdninstagram.com&edm=AM6HXa8EAAAA&_nc_gid=dswWwtrtCF26Lqa5iMskRQ&oh=00_AfsenBgZWMzueydQWdDnnoEiYWIEirA9_P7SFmoi7MC2fA&oe=6983FA2A,50,0.055126792,5
1.82611E+16,hamletisntdead,"We had a BLAST at our dress rehearsal last night!! Look at these talented artists werrrrk. Make sure you click the link in our bio to RSVP for a FREE TICKET to tomorrow night's stream. We will see you on TWITCH #HIDiots!

#NYCShakespeare #HamletIsntDead #HamNet #Fundraiser #OneNightOnly #GetYourTix #TwitchStream",2025-01-31 20:06:37+00:00,https://www.instagram.com/reel/DFgKwovvb-N/,VIDEO,Lifetime,Lifetime,1691,,1196,,30,1,33,1,0,65,0,,,,,https://scontent-lga3-1.cdninstagram.com/o1/v/t2/f2/m367/AQPcyRAHyttCT7xD6cKSkTQU0w-ay6jMzme3aS55O1fDgB1kAztaXwGR6wMdeQym_D9lHrHUME4uhDlCjBwpWjAFwlKD_hBCSx8yNYc.mp4?_nc_cat=103&_nc_sid=5e9851&_nc_ht=scontent-lga3-1.cdninstagram.com&_nc_ohc=7guKW1XzSXQQ7kNvwEJUiTx&efg=eyJ2ZW5jb2RlX3RhZyI6Inhwdl9wcm9ncmVzc2l2ZS5JTlNUQUdSQU0uQ0xJUFMuQzMuNzIwLmRhc2hfYmFzZWxpbmVfMV92MSIsInhwdl9hc3NldF9pZCI6MTQ0NjgyNjUwMDA1NjQwMiwiYXNzZXRfYWdlX2RheXMiOjM2NCwidmlfdXNlY2FzZV9pZCI6MTAwOTksImR1cmF0aW9uX3MiOjI5LCJ1cmxnZW5fc291cmNlIjoid3d3In0%3D&ccb=17-1&_nc_gid=dswWwtrtCF26Lqa5iMskRQ&edm=AM6HXa8EAAAA&_nc_zt=28&vs=70b3839c55d94e28&_nc_vs=HBksFQIYQGlnX2VwaGVtZXJhbC85MDQ5RTNBOTZEQUQzRDcyRDkwM0QxQkIzQTBCQ0E5RV92aWRlb19kYXNoaW5pdC5tcDQVAALIARIAFQIYRmlnX3hwdl9yZWVsc19wZXJtYW5lbnRfc3JfcHJvZC8xMTQ2MDMxMTkzOTA4MjExXzcyOTgwMzU4MDQyOTQ1NTM4OS5tcDQVAgLIARIAKAAYABsCiAd1c2Vfb2lsATEScHJvZ3Jlc3NpdmVfcmVjaXBlATEVAAAmpJWzubH4kQUVAigCQzMsF0A9AAAAAAAAGBJkYXNoX2Jhc2VsaW5lXzFfdjERAHX-B2XmnQEA&oh=00_Afs1DDM3a2ClwfvB2TEsFx2uZizU84nxdoRXr2ylnMX8Uw&oe=69840E80,https://scontent-lga3-1.cdninstagram.com/v/t51.75761-15/475870208_18486217144017986_7968806361298121493_n.jpg?stp=dst-jpg_e35_tt6&_nc_cat=102&ccb=7-5&_nc_sid=18de74&efg=eyJlZmdfdGFnIjoiQ0xJUFMuYmVzdF9pbWFnZV91cmxnZW4uQzMifQ%3D%3D&_nc_ohc=yUCPOGj56p8Q7kNvwGzw_7U&_nc_oc=Adn3yg92e5Ksng-OR3lMjf6z6EHCzwsI5ebsbipl4yule0r2pBtPFjeic9QjBQJqv-Ip0gXWxUJCTQ9pjmU1Ngki&_nc_zt=23&_nc_ht=scontent-lga3-1.cdninstagram.com&edm=AM6HXa8EAAAA&_nc_gid=dswWwtrtCF26Lqa5iMskRQ&oh=00_AfvOBn623QNx6fwnAB4MvpNZUwWq0bbl7ZyJx7QVxvJVeg&oe=69842FA1,65,0.054347826,6
1.80472E+16,hamletisntdead,"MORE PROOF that this cast is HOT and TALENTED?? Woah, we are spoiling ya'll. 

We are entering week 2 of #Cymbeline TONIGHT. Make sure to snag your tickets because you only have 6 more chances! 

Video by @lacasadelfrancois 

Music by @dukenorsworthy and @fenningermomo with @reidywatson on Viola üéª

#hamletisntdead #hidiots #shakespeare #NYCShakespeare #Cymbelteam #HIDiocy #GetYourTickets #LinkInBio",2025-05-26 14:32:20+00:00,https://www.instagram.com/reel/DKHr3HfOHRN/,VIDEO,Lifetime,Lifetime,1466,,955,,33,1,13,2,0,49,0,,,,,https://scontent-lga3-2.cdninstagram.com/o1/v/t2/f2/m367/AQMWc5h8Z6o-vlBh8cPOqTlDAJ9cuuo6tV3rko4o6p7HrEVexbxOY4So5EyyXOBYeHS3sONGsZWmiDRLb8WVpJ0QDt4ERDWXl67IfLc.mp4?_nc_cat=107&_nc_sid=5e9851&_nc_ht=scontent-lga3-2.cdninstagram.com&_nc_ohc=yuqYsdHipDAQ7kNvwGMu3y2&efg=eyJ2ZW5jb2RlX3RhZyI6Inhwdl9wcm9ncmVzc2l2ZS5JTlNUQUdSQU0uQ0xJUFMuQzMuNzIwLmRhc2hfYmFzZWxpbmVfMV92MSIsInhwdl9hc3NldF9pZCI6MTM5NDM3MzUyMTcxNTE4MiwiYXNzZXRfYWdlX2RheXMiOjI1MCwidmlfdXNlY2FzZV9pZCI6MTAwOTksImR1cmF0aW9uX3MiOjI4LCJ1cmxnZW5fc291cmNlIjoid3d3In0%3D&ccb=17-1&vs=330954952944fd9&_nc_vs=HBksFQIYQGlnX2VwaGVtZXJhbC8yNDQ0MDAxNzE5OTI2RjdBOTgwOUJBMjA1RkMwNzZCNl92aWRlb19kYXNoaW5pdC5tcDQVAALIARIAFQIYR2lnX3hwdl9yZWVsc19wZXJtYW5lbnRfc3JfcHJvZC8xMDY3MjA0MzM4ODA4MDM5XzcxODE3OTcwMzc4MzEzNzA0NjkubXA0FQICyAESACgAGAAbAogHdXNlX29pbAExEnByb2dyZXNzaXZlX3JlY2lwZQExFQAAJty_kaeci_oEFQIoAkMzLBdAPKIMSbpeNRgSZGFzaF9iYXNlbGluZV8xX3YxEQB1_gdl5p0BAA&_nc_gid=dswWwtrtCF26Lqa5iMskRQ&edm=AM6HXa8EAAAA&_nc_zt=28&oh=00_Afu5Aw8NJwj5CnxE3Ioh7q1Yrc6uCHJXu8aBxQysUeWRzQ&oe=6984152C,https://scontent-lga3-3.cdninstagram.com/v/t51.75761-15/501290421_18508511470017986_7554142252297462820_n.jpg?stp=dst-jpg_e35_tt6&_nc_cat=104&ccb=7-5&_nc_sid=18de74&efg=eyJlZmdfdGFnIjoiQ0xJUFMuYmVzdF9pbWFnZV91cmxnZW4uQzMifQ%3D%3D&_nc_ohc=_Vt7yUo3d84Q7kNvwFbRXZN&_nc_oc=AdmDpb-zHJAw31z0h97rit-i8L8H25d4xDAaowZTJS4j4Y19Bx50mIx8MJAHLbOIuRQRmbPds63oTAogihUrcFeO&_nc_zt=23&_nc_ht=scontent-lga3-3.cdninstagram.com&edm=AM6HXa8EAAAA&_nc_gid=dswWwtrtCF26Lqa5iMskRQ&oh=00_AfuVPxAADKMAjuwYzSyYROYXG_8PYTrDhilgDitLSIciPQ&oe=698406EA,49,0.051308901,7
1.83139E+16,hamletisntdead,"Audiences can have a little costume sneak peek, as a treat üòâ Seem familiar?

Don't miss the full fits in just two short weeks! Tickets available now at the link in our bio üéü 

#CymbelMeme #Cymbeline #Shakespeare #TheatreKid #NYCActor #2000sFashion #Millennial",2025-05-08 12:45:21+00:00,https://www.instagram.com/reel/DJZJ9OEvvZS/,VIDEO,Lifetime,Lifetime,1197,,794,,21,10,9,0,0,40,0,,,,,https://scontent-lga3-2.cdninstagram.com/o1/v/t2/f2/m86/AQORVaQ4AmUXySqs4HVREGHYlef1nSQVB8gnPYEYM2FoVQ7mHVMLkrlCEYGpednLDUKjPIPIaO15FvroUoWNGVfqj6Ky0aYQ44Hdj8k.mp4?_nc_cat=109&_nc_sid=5e9851&_nc_ht=scontent-lga3-2.cdninstagram.com&_nc_ohc=WER-y4_QqqgQ7kNvwHn5h4i&efg=eyJ2ZW5jb2RlX3RhZyI6Inhwdl9wcm9ncmVzc2l2ZS5JTlNUQUdSQU0uQ0xJUFMuQzMuMzYwLmRhc2hfYmFzZWxpbmVfM192MSIsInhwdl9hc3NldF9pZCI6MTA1NzA3NTExOTYxMTE2NywiYXNzZXRfYWdlX2RheXMiOjI2OCwidmlfdXNlY2FzZV9pZCI6MTAwOTksImR1cmF0aW9uX3MiOjIwLCJ1cmxnZW5fc291cmNlIjoid3d3In0%3D&ccb=17-1&_nc_gid=dswWwtrtCF26Lqa5iMskRQ&edm=AM6HXa8EAAAA&_nc_zt=28&vs=4f1a86fa4b4bdc80&_nc_vs=HBksFQIYUmlnX3hwdl9yZWVsc19wZXJtYW5lbnRfc3JfcHJvZC83NTRGMzBDQjkxNEQyOTlBMDA0NjFBMDVCQjZGMTU4OV92aWRlb19kYXNoaW5pdC5tcDQVAALIARIAFQIYR2lnX3hwdl9yZWVsc19wZXJtYW5lbnRfc3JfcHJvZC85NjUxMzczMDIxNTk4ODg5Xzg5MDA5NjAzNTQxMjAyMjkyMzAubXA0FQICyAESACgAGAAbAogHdXNlX29pbAExEnByb2dyZXNzaXZlX3JlY2lwZQExFQAAJr70irDv2eADFQIoAkMzLBdANMzMzMzMzRgSZGFzaF9iYXNlbGluZV8zX3YxEQB1_gdl5p0BAA&oh=00_Afs0j99ZWuKQDWtOip-9x79rIfnB0JAWRCNQqXpV7bAhng&oe=698024B2,https://scontent-lga3-3.cdninstagram.com/v/t51.71878-15/495646580_713090931378795_2276382545722713099_n.jpg?stp=dst-jpg_e35_tt6&_nc_cat=106&ccb=7-5&_nc_sid=18de74&efg=eyJlZmdfdGFnIjoiQ0xJUFMuYmVzdF9pbWFnZV91cmxnZW4uQzMifQ%3D%3D&_nc_ohc=ajLEpGeQJZoQ7kNvwFR1Hh3&_nc_oc=Adk-sNuFC_KXczELRdMPbSXg_aTMxs8og_yIA-N1Srj3KoFTyXLi8cq3BimiaHU4eUQWG8P_niHDSOHcx0ZvZ9rK&_nc_zt=23&_nc_ht=scontent-lga3-3.cdninstagram.com&edm=AM6HXa8EAAAA&_nc_gid=dswWwtrtCF26Lqa5iMskRQ&oh=00_AftP2wPKnEExZaaMOR53OKJkiAGVcuPs77ddHQ0bq6L29w&oe=6984180E,40,0.050377834,8
1.80341E+16,hamletisntdead,"@gabrielcethridge always takes it that extra mile #Slay

#HamletIsntDead #Hidiots #Shakespeare #TheatreKid",2025-03-29 16:11:08+00:00,https://www.instagram.com/reel/DHyg_W3O6Uo/,VIDEO,Lifetime,Lifetime,852,,628,,25,1,2,2,0,30,0,,,,,https://scontent-lga3-3.cdninstagram.com/o1/v/t2/f2/m86/AQPaVJ1S-Dldg9b35InMiDpeGJbZjT7nodKxdHG2N8UrN4K8h9JXlxKa0jYuT6nBnaGalPqfyBcvV2x84izjTpW3jhCfg6ve2u26jj4.mp4?_nc_cat=104&_nc_sid=5e9851&_nc_ht=scontent-lga3-3.cdninstagram.com&_nc_ohc=lCO9MgjpTz4Q7kNvwHFUDZh&efg=eyJ2ZW5jb2RlX3RhZyI6Inhwdl9wcm9ncmVzc2l2ZS5JTlNUQUdSQU0uQ0xJUFMuQzMuMzYwLmRhc2hfYmFzZWxpbmVfM192MSIsInhwdl9hc3NldF9pZCI6MTM3MDAwMjM1NzY0ODczNiwiYXNzZXRfYWdlX2RheXMiOjMwOCwidmlfdXNlY2FzZV9pZCI6MTAwOTksImR1cmF0aW9uX3MiOjM2LCJ1cmxnZW5fc291cmNlIjoid3d3In0%3D&ccb=17-1&_nc_gid=dswWwtrtCF26Lqa5iMskRQ&edm=AM6HXa8EAAAA&_nc_zt=28&vs=9a653833ad0453cc&_nc_vs=HBksFQIYUmlnX3hwdl9yZWVsc19wZXJtYW5lbnRfc3JfcHJvZC9BNTRERjM1Qjc2NkY2MzRCNDI5NTE1ODY2NTRDOTk5QV92aWRlb19kYXNoaW5pdC5tcDQVAALIARIAFQIYRmlnX3hwdl9yZWVsc19wZXJtYW5lbnRfc3JfcHJvZC81NzA1ODI2NDIwNjU0ODVfODI0MjY1NTQ3NjgxNzQ3MDY2MS5tcDQVAgLIARIAKAAYABsCiAd1c2Vfb2lsATEScHJvZ3Jlc3NpdmVfcmVjaXBlATEVAAAmwPXz_dCA7wQVAigCQzMsF0BCHdLxqfvnGBJkYXNoX2Jhc2VsaW5lXzNfdjERAHX-B2XmnQEA&oh=00_AfsTVE78q3baSgTXzIrCIwBmDHaenJTYZqwoyUWMx04d8A&oe=6980292D,https://scontent-lga3-3.cdninstagram.com/v/t51.71878-15/486243847_543699558746208_8135012314123658784_n.jpg?stp=dst-jpg_e35_tt6&_nc_cat=106&ccb=7-5&_nc_sid=18de74&efg=eyJlZmdfdGFnIjoiQ0xJUFMuYmVzdF9pbWFnZV91cmxnZW4uQzMifQ%3D%3D&_nc_ohc=NrXEkYuDC4gQ7kNvwEl1KgH&_nc_oc=Adnkf0JCmmiQlZEkG3SU39rGYtXN-HYMN_rIkXxD5bwluqIOUrcWjLMZxvRWszMsA49hqaDn18aLpEvpBNU3znLH&_nc_zt=23&_nc_ht=scontent-lga3-3.cdninstagram.com&edm=AM6HXa8EAAAA&_nc_gid=dswWwtrtCF26Lqa5iMskRQ&oh=00_Afse1m6s6wTmFa-PzYNz6Ay4ci6DDS6wLjir26_cjQlC7A&oe=69841953,30,0.047770701,9
1.80642E+16,hamletisntdead,What's cuter?,2025-03-20 12:37:26+00:00,https://www.instagram.com/reel/DHa-CCruK9T/,VIDEO,Lifetime,Lifetime,1011,,634,,23,3,4,0,0,30,0,,,,,https://scontent-lga3-3.cdninstagram.com/o1/v/t2/f2/m367/AQOvqIcesCifYsv82fa4XRZGuH5fRmyLjP8wdZa62pXB3hnBN5hgKmDJJdnHpY9c8ZSPKZMrGubTQRVrlhN19Ds9SecTpy7lLc7zdjo.mp4?_nc_cat=106&_nc_sid=5e9851&_nc_ht=scontent-lga3-3.cdninstagram.com&_nc_ohc=Wy8srqZ7GIQQ7kNvwEuSP6j&efg=eyJ2ZW5jb2RlX3RhZyI6Inhwdl9wcm9ncmVzc2l2ZS5JTlNUQUdSQU0uQ0xJUFMuQzMuNzIwLmRhc2hfYmFzZWxpbmVfMV92MSIsInhwdl9hc3NldF9pZCI6MTAwMjgxODc5ODQ0MDI0NywiYXNzZXRfYWdlX2RheXMiOjMxNywidmlfdXNlY2FzZV9pZCI6MTAwOTksImR1cmF0aW9uX3MiOjE3LCJ1cmxnZW5fc291cmNlIjoid3d3In0%3D&ccb=17-1&_nc_gid=dswWwtrtCF26Lqa5iMskRQ&edm=AM6HXa8EAAAA&_nc_zt=28&vs=15991c5d6eb02a98&_nc_vs=HBksFQIYQGlnX2VwaGVtZXJhbC9DNDQ2RjBCODE4M0QxNTkxQTYzNjhEODg3Mjk1RTRBM192aWRlb19kYXNoaW5pdC5tcDQVAALIARIAFQIYR2lnX3hwdl9yZWVsc19wZXJtYW5lbnRfc3JfcHJvZC8xMTU1MDk1NjQyNTg0NzQyXzQ2OTYxNjY2MjAwMTAyMDQ2NDAubXA0FQICyAESACgAGAAbAogHdXNlX29pbAExEnByb2dyZXNzaXZlX3JlY2lwZQExFQAAJu68iqTeg8gDFQIoAkMzLBdAMXdLxqfvnhgSZGFzaF9iYXNlbGluZV8xX3YxEQB1_gdl5p0BAA&oh=00_Afsp8jAb6RursQZvYkqJtmXshnvkgifGOj7yIAOqxDkwQw&oe=6984306F,https://scontent-lga3-3.cdninstagram.com/v/t51.71878-15/485543372_1374507090388740_3888700970938726220_n.jpg?stp=dst-jpg_e35_tt6&_nc_cat=106&ccb=7-5&_nc_sid=18de74&efg=eyJlZmdfdGFnIjoiQ0xJUFMuYmVzdF9pbWFnZV91cmxnZW4uQzMifQ%3D%3D&_nc_ohc=s9wx1yCR-pcQ7kNvwGSfw3c&_nc_oc=AdlcAHXUO_UmlXHNMwf04pq-Tu6r5icq0tqLyJWUVeVqZzFJT2nPMKi83rO5Sc9-WU0Qwj0MaePVXqV12NTf6Twl&_nc_zt=23&_nc_ht=scontent-lga3-3.cdninstagram.com&edm=AM6HXa8EAAAA&_nc_gid=dswWwtrtCF26Lqa5iMskRQ&oh=00_AfsUnNh2FZpjoj25FJGfy76n4gxK7TS8wm45cVkcS66rHQ&oe=69842FEF,30,0.047318612,10
1.79179E+16,hamletisntdead,"first day of fight rehearsals = training montage

üí™Choreography by the incredible @camila.calderon ! Find out if Britain or Rome will reign supreme in #Cymbeline this May!

Thanks to @targetmargin for the fantastic rehearsal space!!

#StageCombat #Shakespeare #TheatreKid #HamletIsntDead #Hidiots",2025-04-22 12:58:41+00:00,https://www.instagram.com/reel/DIv-R_9Jwls/,VIDEO,Lifetime,Lifetime,1291,,857,,27,2,9,2,0,40,0,,,,,https://scontent-lga3-2.cdninstagram.com/o1/v/t2/f2/m367/AQOLI3Z8hHnaxIM12q9mXEHZw_GE_QNzytQJTKZvl6yuLn40hAsiAkTyrivuGCpeEsvUSlde3MrN29s64u17HM-bJZOv2zqqfGFtSrM.mp4?_nc_cat=100&_nc_sid=5e9851&_nc_ht=scontent-lga3-2.cdninstagram.com&_nc_ohc=szGHKgy-HkQQ7kNvwGzgSCM&efg=eyJ2ZW5jb2RlX3RhZyI6Inhwdl9wcm9ncmVzc2l2ZS5JTlNUQUdSQU0uQ0xJUFMuQzMuNzIwLmRhc2hfYmFzZWxpbmVfMV92MSIsInhwdl9hc3NldF9pZCI6MjE2NTQ2NzE4NzIzNjM3NiwiYXNzZXRfYWdlX2RheXMiOjI4NCwidmlfdXNlY2FzZV9pZCI6MTAwOTksImR1cmF0aW9uX3MiOjIzLCJ1cmxnZW5fc291cmNlIjoid3d3In0%3D&ccb=17-1&_nc_gid=dswWwtrtCF26Lqa5iMskRQ&edm=AM6HXa8EAAAA&_nc_zt=28&vs=ad852759ecf8dc1f&_nc_vs=HBksFQIYQGlnX2VwaGVtZXJhbC83MjRCMkI1NkNEQzIzRjcwRTQzQTM4NzY1MURBRjlCM192aWRlb19kYXNoaW5pdC5tcDQVAALIARIAFQIYRmlnX3hwdl9yZWVsc19wZXJtYW5lbnRfc3JfcHJvZC85NzMwMTM3OTIwMzk4Nzk3XzEwMzQ1NDczMTE2Mzc2NTMzOS5tcDQVAgLIARIAKAAYABsCiAd1c2Vfb2lsATEScHJvZ3Jlc3NpdmVfcmVjaXBlATEVAAAmsLi-5-Pe2AcVAigCQzMsF0A3AAAAAAAAGBJkYXNoX2Jhc2VsaW5lXzFfdjERAHX-B2XmnQEA&oh=00_AfuK8A3MBav7NWMKjREOu_GJ4-g_i6sUkkYefY5QC7zAhQ&oe=698403E9,https://scontent-lga3-2.cdninstagram.com/v/t51.71878-15/490809455_574112305112972_8878330380328639843_n.jpg?stp=dst-jpg_e35_tt6&_nc_cat=105&ccb=7-5&_nc_sid=18de74&efg=eyJlZmdfdGFnIjoiQ0xJUFMuYmVzdF9pbWFnZV91cmxnZW4uQzMifQ%3D%3D&_nc_ohc=DyKlTD3VW9YQ7kNvwHAw02m&_nc_oc=AdmePQ_b5FqRKBKjLSlGO_Tv1fswdySc8coX0eekxpOnHkfJWC68XFi0dFfUJEAoocRZkVg5nSk-iJXSQEvf1-3B&_nc_zt=23&_nc_ht=scontent-lga3-2.cdninstagram.com&edm=AM6HXa8EAAAA&_nc_gid=dswWwtrtCF26Lqa5iMskRQ&oh=00_AftIImDECSEWh7wGPVbXKzcvs1D2CgH6hBHBwUfh9luKQw&oe=698410DB,40,0.046674446,11
1.80205E+16,hamletisntdead,"We did it!!! Can you believe we raised $2000 in 24 hours??? Completely blown away and humbled by your support. Ham.Net recording is now available for free on our YouTube page! 
#HamletIsntDead #Hidiots #Shakespeare #TheatreKid",2025-02-13 20:35:25+00:00,https://www.instagram.com/reel/DGBsY7rvv8i/,VIDEO,Lifetime,Lifetime,1466,,996,,34,3,7,2,0,46,0,,,,,https://scontent-lga3-1.cdninstagram.com/o1/v/t2/f2/m367/AQNG8ruA1dCiIaQhUjOQfn1QKCIP2e7aFZl1N2D7UNNps81xDxH2XotNJZsAniSbGzJRzCencirfVOhsWsOMAibQsars1BE8RLu1toY.mp4?_nc_cat=111&_nc_sid=5e9851&_nc_ht=scontent-lga3-1.cdninstagram.com&_nc_ohc=KctuNTuDmUoQ7kNvwHlVWcx&efg=eyJ2ZW5jb2RlX3RhZyI6Inhwdl9wcm9ncmVzc2l2ZS5JTlNUQUdSQU0uQ0xJUFMuQzMuNzIwLmRhc2hfYmFzZWxpbmVfMV92MSIsInhwdl9hc3NldF9pZCI6MTM1MjI5MDkyNjIxMTA2OSwiYXNzZXRfYWdlX2RheXMiOjM1MSwidmlfdXNlY2FzZV9pZCI6MTAwOTksImR1cmF0aW9uX3MiOjU1LCJ1cmxnZW5fc291cmNlIjoid3d3In0%3D&ccb=17-1&_nc_gid=dswWwtrtCF26Lqa5iMskRQ&edm=AM6HXa8EAAAA&_nc_zt=28&vs=53c56e49a11d0a51&_nc_vs=HBksFQIYQGlnX2VwaGVtZXJhbC9GQTQzNjI5NjE4MDFEOEVCRjEyQ0VEREY1RkZENEM4NV92aWRlb19kYXNoaW5pdC5tcDQVAALIARIAFQIYRmlnX3hwdl9yZWVsc19wZXJtYW5lbnRfc3JfcHJvZC81MTM4NzIxMjUwNjQwNTdfNDc4NDEwNzY2OTY3NTY4Njk4Mi5tcDQVAgLIARIAKAAYABsCiAd1c2Vfb2lsATEScHJvZ3Jlc3NpdmVfcmVjaXBlATEVAAAm-r_RxNj55gQVAigCQzMsF0BLrhR64UeuGBJkYXNoX2Jhc2VsaW5lXzFfdjERAHX-B2XmnQEA&oh=00_AftzRPcTR4Gi-SaEK41eW4YrsIKJmH5DolfOh4vcJ6BjSQ&oe=69841F68,https://scontent-lga3-3.cdninstagram.com/v/t51.75761-15/479415959_18488523433017986_7564977644592218486_n.jpg?stp=dst-jpg_e35_tt6&_nc_cat=108&ccb=7-5&_nc_sid=18de74&efg=eyJlZmdfdGFnIjoiQ0xJUFMuYmVzdF9pbWFnZV91cmxnZW4uQzMifQ%3D%3D&_nc_ohc=aERbFgseK7QQ7kNvwFJAFFv&_nc_oc=AdmwzVfLQtRqC2p66txp5XEmnGZsygfEwZzkGcwcLg-upyE37HLjhNh6WKJJb_RRVyr-TiHkBLPrJYsEr6Sqyeso&_nc_zt=23&_nc_ht=scontent-lga3-3.cdninstagram.com&edm=AM6HXa8EAAAA&_nc_gid=dswWwtrtCF26Lqa5iMskRQ&oh=00_AfvsDDtmeMzIzgCQ64iKb4UTUd0spyQbb5txR6cHJOJFtQ&oe=698420C4,46,0.046184739,12
1.80793E+16,hamletisntdead,"don't make us feed you to this eagle #ThanksJupiter 

#Cymbeline #Shakespeare #HamletIsntDead #Hidiots #ClassicalActor #TheatreKid #Puppets #NYCShakespeare",2025-05-28 16:25:02+00:00,https://www.instagram.com/reel/DKNC8mWND3K/,VIDEO,Lifetime,Lifetime,1011,,693,,22,4,6,0,0,32,0,,,,,https://scontent-lga3-1.cdninstagram.com/o1/v/t2/f2/m367/AQPbDRarQaMncCnpAJ19ZzustQRzSxuxach_PNMI6Tp4lEQuuUxE190vgYlHRTdrvRttz3e6wWT5qLIeH8mptV1O0wVJhoRa1Tl7lC4.mp4?_nc_cat=111&_nc_sid=5e9851&_nc_ht=scontent-lga3-1.cdninstagram.com&_nc_ohc=OI94EI8ld9IQ7kNvwFhihZD&efg=eyJ2ZW5jb2RlX3RhZyI6Inhwdl9wcm9ncmVzc2l2ZS5JTlNUQUdSQU0uQ0xJUFMuQzMuNzIwLmRhc2hfYmFzZWxpbmVfMV92MSIsInhwdl9hc3NldF9pZCI6NzIyNDU1NTA3MTIzODA2LCJhc3NldF9hZ2VfZGF5cyI6MjQ4LCJ2aV91c2VjYXNlX2lkIjoxMDA5OSwiZHVyYXRpb25fcyI6NTQsInVybGdlbl9zb3VyY2UiOiJ3d3cifQ%3D%3D&ccb=17-1&vs=973c792a0bacc188&_nc_vs=HBksFQIYQGlnX2VwaGVtZXJhbC8zRjQ3REYwMkMzQjQ4MzI2QzdDRTBEMzZCODU3QjRBQ192aWRlb19kYXNoaW5pdC5tcDQVAALIARIAFQIYR2lnX3hwdl9yZWVsc19wZXJtYW5lbnRfc3JfcHJvZC8yNDAyNjIxNzQ2Nzg2NDgwXzM1NzAxOTg0NDI0NTgwNDg2MDQubXA0FQICyAESACgAGAAbAogHdXNlX29pbAExEnByb2dyZXNzaXZlX3JlY2lwZQExFQAAJrz58f24xMgCFQIoAkMzLBdAS1mZmZmZmhgSZGFzaF9iYXNlbGluZV8xX3YxEQB1_gdl5p0BAA&_nc_gid=dswWwtrtCF26Lqa5iMskRQ&edm=AM6HXa8EAAAA&_nc_zt=28&oh=00_AfsvFAny6AS8VTUhT6_mhSxyAAWXL107dK1Jg-YKuQcfmA&oe=69840888,https://scontent-lga3-2.cdninstagram.com/v/t51.75761-15/501966165_18509071426017986_7380127864095069413_n.jpg?stp=dst-jpg_e35_tt6&_nc_cat=107&ccb=7-5&_nc_sid=18de74&efg=eyJlZmdfdGFnIjoiQ0xJUFMuYmVzdF9pbWFnZV91cmxnZW4uQzMifQ%3D%3D&_nc_ohc=g13BlxTp-x4Q7kNvwHSjRS5&_nc_oc=Adk3H0ma7Hcg_I_e831zGWAp3KKwsr7HfskAMrrF73jXMyk033ZS6Ri6ovs0lOR8VpSJBLNMFl1fnjUVV8mxrI4R&_nc_zt=23&_nc_ht=scontent-lga3-2.cdninstagram.com&edm=AM6HXa8EAAAA&_nc_gid=dswWwtrtCF26Lqa5iMskRQ&oh=00_Afvo_RXCDvCg-XoLdXZAu7NWnsoMXOPD1oKi3btXHoRDyw&oe=69840DDC,32,0.046176046,13
1.83398E+16,hamletisntdead,"Part 2! #Hidiots recite their favorite lines from Shakespearean monologues workshopped this month üé≠ They seemed to gravitate towards the darker content...
#Shakespeare #TheatreKid #Monologue #BadGuy",2025-02-27 14:40:49+00:00,https://www.instagram.com/reel/DGlHioLvBxV/,VIDEO,Lifetime,Lifetime,1519,,955,,31,4,7,2,0,44,0,,,,,https://scontent-lga3-1.cdninstagram.com/o1/v/t2/f2/m367/AQM38eA64HVvz72xWjpXh6kw7rZ1OxX1u2WyW1gcvbTv9TM8xs0O4HJZ1r9txNuZkASStqur_LulfqAN4no3lwqz_KgkAIfaXZzmpPQ.mp4?_nc_cat=103&_nc_sid=5e9851&_nc_ht=scontent-lga3-1.cdninstagram.com&_nc_ohc=e2C9NylXvPgQ7kNvwFnqzzG&efg=eyJ2ZW5jb2RlX3RhZyI6Inhwdl9wcm9ncmVzc2l2ZS5JTlNUQUdSQU0uQ0xJUFMuQzMuNzIwLmRhc2hfYmFzZWxpbmVfMV92MSIsInhwdl9hc3NldF9pZCI6MTIzNzI1Mjc1NzgxOTEwNCwiYXNzZXRfYWdlX2RheXMiOjMzOCwidmlfdXNlY2FzZV9pZCI6MTAwOTksImR1cmF0aW9uX3MiOjQ1LCJ1cmxnZW5fc291cmNlIjoid3d3In0%3D&ccb=17-1&_nc_gid=dswWwtrtCF26Lqa5iMskRQ&edm=AM6HXa8EAAAA&_nc_zt=28&vs=9b2bdf1b3f63c760&_nc_vs=HBksFQIYQGlnX2VwaGVtZXJhbC83NTQ0RjlCQ0I2RTc5NEQ4NzBGQjhFRTk4RjcxQzFCRl92aWRlb19kYXNoaW5pdC5tcDQVAALIARIAFQIYRmlnX3hwdl9yZWVsc19wZXJtYW5lbnRfc3JfcHJvZC8xNjkzNjE0NjgxMjMyNzU4XzQ5NDMyODEyOTE4MTk3OTA0NS5tcDQVAgLIARIAKAAYABsCiAd1c2Vfb2lsATEScHJvZ3Jlc3NpdmVfcmVjaXBlATEVAAAmwLuEssvRsgQVAigCQzMsF0BG4gxJul41GBJkYXNoX2Jhc2VsaW5lXzFfdjERAHX-B2XmnQEA&oh=00_AfsucoPkdIi-qm-OgcZrNjAAPemeGB0KIu0hxsEneKErdg&oe=698406EC,https://scontent-lga3-3.cdninstagram.com/v/t51.75761-15/482142058_18491064202017986_6966917130797097371_n.jpg?stp=dst-jpg_e35_tt6&_nc_cat=110&ccb=7-5&_nc_sid=18de74&efg=eyJlZmdfdGFnIjoiQ0xJUFMuYmVzdF9pbWFnZV91cmxnZW4uQzMifQ%3D%3D&_nc_ohc=QVxN_n007uMQ7kNvwGrODYf&_nc_oc=AdkME9upzujS2bvnKL2r0fLJsZU2rgA-LA571PsuAOhp5U5Kz9Zi126KeuFW6R72gclJMqQtwnGMrp3FrqhbkPos&_nc_zt=23&_nc_ht=scontent-lga3-3.cdninstagram.com&edm=AM6HXa8EAAAA&_nc_gid=dswWwtrtCF26Lqa5iMskRQ&oh=00_AfvEy8lhN7ucYhPy6RbdBE-L-6xkaRTUd9wWHPkqtD-TWg&oe=69842EF4,44,0.046073298,14
1.80653E+16,hamletisntdead,"This is our breakup song if you don't come to #Cymbeline 

@adele 

We really do promise we're a Shakespeare company.

#HamletIsntDead #Hidiots #Shakespeare #TheatreKid",2025-05-27 12:39:25+00:00,https://www.instagram.com/reel/DKKDvofOk_Y/,VIDEO,Lifetime,Lifetime,1273,,831,,30,1,5,2,0,38,0,,,,,https://scontent-lga3-2.cdninstagram.com/o1/v/t2/f2/m86/AQODrCHj3rupFPVu-dpazktweS4nf0ee5rdOENAp0X3xiDBr77NKyXq-1VJASHhhrme-blBrBo7bkF0Y_T2tpRsqRyH9SAlDgLf1yWg.mp4?_nc_cat=100&_nc_sid=5e9851&_nc_ht=scontent-lga3-2.cdninstagram.com&_nc_ohc=nt-74HY3VjcQ7kNvwHJa4h9&efg=eyJ2ZW5jb2RlX3RhZyI6Inhwdl9wcm9ncmVzc2l2ZS5JTlNUQUdSQU0uQ0xJUFMuQzMuMzYwLmRhc2hfYmFzZWxpbmVfM192MSIsInhwdl9hc3NldF9pZCI6MzYwOTYzMDk2MjY3MzIwOSwiYXNzZXRfYWdlX2RheXMiOjI0OSwidmlfdXNlY2FzZV9pZCI6MTAwOTksImR1cmF0aW9uX3MiOjU5LCJ1cmxnZW5fc291cmNlIjoid3d3In0%3D&ccb=17-1&vs=8b05e8d546c06177&_nc_vs=HBksFQIYUmlnX3hwdl9yZWVsc19wZXJtYW5lbnRfc3JfcHJvZC83ODQ3QTNENzhFNkY0NzM1N0E5RkQ0NEFCNzFGMjY5NV92aWRlb19kYXNoaW5pdC5tcDQVAALIARIAFQIYRmlnX3hwdl9yZWVsc19wZXJtYW5lbnRfc3JfcHJvZC8yMjAzMDEzNDIzNTAyNDY4XzQ0NDMwMDA2MTYzMzQ4ODEyNi5tcDQVAgLIARIAKAAYABsCiAd1c2Vfb2lsATEScHJvZ3Jlc3NpdmVfcmVjaXBlATEVAAAm8pjntJa86QwVAigCQzMsF0BNt2yLQ5WBGBJkYXNoX2Jhc2VsaW5lXzNfdjERAHX-B2XmnQEA&_nc_gid=dswWwtrtCF26Lqa5iMskRQ&edm=AM6HXa8EAAAA&_nc_zt=28&oh=00_AfsY28IAdhOXTppKByopXA0dBD-wVls72b3o6u_Y4NrVAw&oe=69801631,https://scontent-lga3-3.cdninstagram.com/v/t51.75761-15/501578031_18508688632017986_2872941376557664473_n.jpg?stp=dst-jpg_e35_tt6&_nc_cat=106&ccb=7-5&_nc_sid=18de74&efg=eyJlZmdfdGFnIjoiQ0xJUFMuYmVzdF9pbWFnZV91cmxnZW4uQzMifQ%3D%3D&_nc_ohc=RqqDxOYLeFwQ7kNvwESs8ME&_nc_oc=AdlVjPJZneb9s9jvZFQ79t3Xh837deMuu0IyA1wSKGkX74jZ59n8xoJzVLDI_bjo6tgcYyPlJsT3pZKfHPM97Wzg&_nc_zt=23&_nc_ht=scontent-lga3-3.cdninstagram.com&edm=AM6HXa8EAAAA&_nc_gid=dswWwtrtCF26Lqa5iMskRQ&oh=00_AftUqp5kjTyXiRC0oJzgd_2BJJ84JCLOlBdt-Lep155rOw&oe=69841B9A,38,0.045728039,15
1.83261E+16,hamletisntdead,"#WhenMyCueComes opens THURSDAY! We are making these final moments of rehearsal count, so you better #GetYourTix!! #LinkInBio

#NYCShakeapeare #HamletIsntDead #HID #HIDiocy #NYCFringe #NewWork #DevisedTheatre #Tickets #WMCC",2025-03-31 12:00:04+00:00,https://www.instagram.com/reel/DH3OpPRvNHo/,VIDEO,Lifetime,Lifetime,878,,580,,21,0,3,2,0,26,0,,,,,https://scontent-lga3-2.cdninstagram.com/o1/v/t2/f2/m86/AQMoLYMbQRNc9R6Q-Ns3jVaFAp5dOMbmdX4edua-_MGyOteMAJbNXpYlTZwc1deEptj7uI4ONe3oRHP07Mf6OFbjgA2FWG163n-qWAs.mp4?_nc_cat=109&_nc_sid=5e9851&_nc_ht=scontent-lga3-2.cdninstagram.com&_nc_ohc=-d2XeyWHoDMQ7kNvwFe4y4o&efg=eyJ2ZW5jb2RlX3RhZyI6Inhwdl9wcm9ncmVzc2l2ZS5JTlNUQUdSQU0uQ0xJUFMuQzMuMzYwLmRhc2hfYmFzZWxpbmVfM192MSIsInhwdl9hc3NldF9pZCI6MTAzNzgxNTM2ODQwNTQ5MSwiYXNzZXRfYWdlX2RheXMiOjMwNiwidmlfdXNlY2FzZV9pZCI6MTAwOTksImR1cmF0aW9uX3MiOjMyLCJ1cmxnZW5fc291cmNlIjoid3d3In0%3D&ccb=17-1&vs=5d4d8dc9fb8d172&_nc_vs=HBksFQIYUmlnX3hwdl9yZWVsc19wZXJtYW5lbnRfc3JfcHJvZC9FQzRCMkIwQkE4REJGQjNCMDEyQjdCODQzOUI1OTk5OV92aWRlb19kYXNoaW5pdC5tcDQVAALIARIAFQIYR2lnX3hwdl9yZWVsc19wZXJtYW5lbnRfc3JfcHJvZC8xMzY1MTYwNzU4MjM5MTAyXzU4ODU2MTY0MDM5MjkyMzk0NDkubXA0FQICyAESACgAGAAbAogHdXNlX29pbAExEnByb2dyZXNzaXZlX3JlY2lwZQExFQAAJubHgobn-NcDFQIoAkMzLBdAQEWhysCDEhgSZGFzaF9iYXNlbGluZV8zX3YxEQB1_gdl5p0BAA&_nc_gid=dswWwtrtCF26Lqa5iMskRQ&edm=AM6HXa8EAAAA&_nc_zt=28&oh=00_Afs_feGike-Ii5AJpbBS7HtrGYwf0gQ-sqwQT9nxA6jQsw&oe=6980347E,https://scontent-lga3-3.cdninstagram.com/v/t51.75761-15/487282419_18497681242017986_1125842969959792826_n.jpg?stp=dst-jpg_e35_tt6&_nc_cat=106&ccb=7-5&_nc_sid=18de74&efg=eyJlZmdfdGFnIjoiQ0xJUFMuYmVzdF9pbWFnZV91cmxnZW4uQzMifQ%3D%3D&_nc_ohc=OxfITG2dfmEQ7kNvwEV3-By&_nc_oc=AdnW80WnIPTyodn9u84wv48ANfWiPE_sg4CuEdoXCqkxP_sxDacja-FGHSGFp_Q5mHLZqhF1ZnElEh_mc7WGAXPx&_nc_zt=23&_nc_ht=scontent-lga3-3.cdninstagram.com&edm=AM6HXa8EAAAA&_nc_gid=dswWwtrtCF26Lqa5iMskRQ&oh=00_AfsPIDhDVCPfI69Z3GZcLBBaXXchbuLx__P_cZ4BFf57pw&oe=6983F8D1,26,0.044827586,16
1.79404E+16,hamletisntdead,"For Bard‚Äôs Sake launches at @caveatnyc this Thursday! Check out our series of shortened Shakespeare...with a twist! Each show is something new- see them all at a discount! #HamletIsntDead #NYCShakespeare #Hidiots #ForBardsSake #NYCTheatre #TheatreKid #PraiseBeToBard
.
.
Music: https://www.bensound.com/free-music-for-videos
License code: 590PZ51ADYRIIYAI",2025-03-12 15:36:54+00:00,https://www.instagram.com/reel/DHGpdzuO1Zg/,VIDEO,Lifetime,Lifetime,1691,,1189,,28,12,12,1,0,53,0,,,,,https://scontent-lga3-2.cdninstagram.com/o1/v/t2/f2/m86/AQNgCCtkLbRSjeiNFKpZ0F9Ry5vITOOnTaguZgF8UX6ITm6u8uRlJ8CRRv6d9VdF0M-qKFhfhgfY6zoQd3oxe_C9QoVsTx7Y1SKTFO0.mp4?_nc_cat=100&_nc_sid=5e9851&_nc_ht=scontent-lga3-2.cdninstagram.com&_nc_ohc=yYAmwAbExHMQ7kNvwFPpwDH&efg=eyJ2ZW5jb2RlX3RhZyI6Inhwdl9wcm9ncmVzc2l2ZS5JTlNUQUdSQU0uQ0xJUFMuQzMuMzYwLmRhc2hfYmFzZWxpbmVfM192MSIsInhwdl9hc3NldF9pZCI6ODY5MTEyMzMyMDA3NDI4LCJhc3NldF9hZ2VfZGF5cyI6MzI1LCJ2aV91c2VjYXNlX2lkIjoxMDA5OSwiZHVyYXRpb25fcyI6OTYsInVybGdlbl9zb3VyY2UiOiJ3d3cifQ%3D%3D&ccb=17-1&_nc_gid=dswWwtrtCF26Lqa5iMskRQ&edm=AM6HXa8EAAAA&_nc_zt=28&vs=8a728e608ebb1264&_nc_vs=HBksFQIYUmlnX3hwdl9yZWVsc19wZXJtYW5lbnRfc3JfcHJvZC80QTQyNEFCQTc0OTQxRjMwQkYxMjM4ODhFRDQ3QTU4MF92aWRlb19kYXNoaW5pdC5tcDQVAALIARIAFQIYRmlnX3hwdl9yZWVsc19wZXJtYW5lbnRfc3JfcHJvZC82MzQ1MzMxMjI2NDgyNzlfNDcxNDUxNjcxMjcxMzU0MjE1My5tcDQVAgLIARIAKAAYABsCiAd1c2Vfb2lsATEScHJvZ3Jlc3NpdmVfcmVjaXBlATEVAAAmiOCNvf-ciwMVAigCQzMsF0BYFT987ZFoGBJkYXNoX2Jhc2VsaW5lXzNfdjERAHX-B2XmnQEA&oh=00_Afv72eF5y4MoYTkXhw6zDXOYzx63XsI-xgvyi2QBK1Bh5g&oe=69803B71,https://scontent-lga3-3.cdninstagram.com/v/t51.75761-15/483159845_18493723792017986_1607089723700956994_n.jpg?stp=dst-jpg_e35_tt6&_nc_cat=106&ccb=7-5&_nc_sid=18de74&efg=eyJlZmdfdGFnIjoiQ0xJUFMuYmVzdF9pbWFnZV91cmxnZW4uQzMifQ%3D%3D&_nc_ohc=G91US-1iTxEQ7kNvwEhpbCl&_nc_oc=AdlM4O_-xnNHtevFdgel8zGt5D8hx2DaQaLQnS8RVRxuUMU4qTCHoKtaNdubB-Ycjq1sw2J2Sgv-k4Hf6IFW0Roy&_nc_zt=23&_nc_ht=scontent-lga3-3.cdninstagram.com&edm=AM6HXa8EAAAA&_nc_gid=dswWwtrtCF26Lqa5iMskRQ&oh=00_AftSZpW4SyUMlhT4rp-HiuFmT-YkGXnaSfI_oCH7p4j7sw&oe=698411CD,53,0.044575273,17
1.7867E+16,hamletisntdead,"which kate are you? 
tag yourself in the comments!

#ShrewYou #HamletIsntDead #Hidiots #TheatreKid #Shakespeare",2025-03-15 21:30:25+00:00,https://www.instagram.com/reel/DHPC72Kv0aD/,VIDEO,Lifetime,Lifetime,1410,,963,,26,5,7,1,0,39,0,,,,,https://scontent-lga3-1.cdninstagram.com/o1/v/t2/f2/m367/AQP3ljEkfv8Epjz7a7YAJkMQ1OKW0UsbR_8-Tern5UfRXpGhitZXxTi7PiLEL6VhgiI8A4j1AFhg3im_UEIsE_l8v_8t_vhJBcrHISs.mp4?_nc_cat=103&_nc_sid=5e9851&_nc_ht=scontent-lga3-1.cdninstagram.com&_nc_ohc=JY2RcK6hVm4Q7kNvwHbSaff&efg=eyJ2ZW5jb2RlX3RhZyI6Inhwdl9wcm9ncmVzc2l2ZS5JTlNUQUdSQU0uQ0xJUFMuQzMuNzIwLmRhc2hfYmFzZWxpbmVfMV92MSIsInhwdl9hc3NldF9pZCI6OTI1OTc5NzcyOTQ3MDE2LCJhc3NldF9hZ2VfZGF5cyI6MzIxLCJ2aV91c2VjYXNlX2lkIjoxMDA5OSwiZHVyYXRpb25fcyI6MTUsInVybGdlbl9zb3VyY2UiOiJ3d3cifQ%3D%3D&ccb=17-1&_nc_gid=dswWwtrtCF26Lqa5iMskRQ&edm=AM6HXa8EAAAA&_nc_zt=28&vs=28f14f500bcb73ce&_nc_vs=HBksFQIYQGlnX2VwaGVtZXJhbC9DNTQwNUJDQTczREQzRTU4NTVDNDNDNENDNzU0QTk4Rl92aWRlb19kYXNoaW5pdC5tcDQVAALIARIAFQIYRmlnX3hwdl9yZWVsc19wZXJtYW5lbnRfc3JfcHJvZC82MzY2NTUzMzU5NjM0NTlfNDY0NTUzOTA3MTQ1NTE2ODM3NS5tcDQVAgLIARIAKAAYABsCiAd1c2Vfb2lsATEScHJvZ3Jlc3NpdmVfcmVjaXBlATEVAAAmkKn89o6LpQMVAigCQzMsF0AvZmZmZmZmGBJkYXNoX2Jhc2VsaW5lXzFfdjERAHX-B2XmnQEA&oh=00_AfvUYgSxITSYP7qhWPheHj0fvrptgk4rUoVfa2BYJvyuiw&oe=6983F9D8,https://scontent-lga3-1.cdninstagram.com/v/t51.75761-15/484629614_18494490916017986_5101846116628546529_n.jpg?stp=dst-jpg_e35_tt6&_nc_cat=102&ccb=7-5&_nc_sid=18de74&efg=eyJlZmdfdGFnIjoiQ0xJUFMuYmVzdF9pbWFnZV91cmxnZW4uQzMifQ%3D%3D&_nc_ohc=p8vcK_uLB_EQ7kNvwE32XR3&_nc_oc=AdlXQkUDYPOCPDVKaaHnvoHIa30-9xxQGQUV74oaVdFAIBwUcr0j2GOxx8iiWGAnTvLja96LFiT5PioIVb-b_gJP&_nc_zt=23&_nc_ht=scontent-lga3-1.cdninstagram.com&edm=AM6HXa8EAAAA&_nc_gid=dswWwtrtCF26Lqa5iMskRQ&oh=00_AfsgijsCNdwDMQT3hTUh8_Kyf7GBjUOFKCeysPrThIi7DA&oe=69841A8F,39,0.040498442,18
1.80626E+16,hamletisntdead,"It couldn't be... üó°

Catch MacSHHH tomorrow ONLY @caveatnyc 
ADR by @sophia.c.carlin 

#HamletIsntDead #Hidiots #Shakespeare #TheatreKid #Macbeth #ForBardsSake #PraiseBeToBard",2025-03-19 13:59:32+00:00,https://www.instagram.com/reel/DHYklDrP4sx/,VIDEO,Lifetime,Lifetime,991,,632,,18,0,6,1,0,25,0,,,,,https://scontent-lga3-3.cdninstagram.com/o1/v/t2/f2/m367/AQM-lbU3guiOTvVdBmsFrybQNnZZJrimAq4y5g2_adgHZ91b7qVq-WbY-pd_i9KBaXUA6tODadtV9RX7fsWLtwm4ThaF4rRFqa5zYNU.mp4?_nc_cat=106&_nc_sid=5e9851&_nc_ht=scontent-lga3-3.cdninstagram.com&_nc_ohc=5SdSRqef63AQ7kNvwGvuoS2&efg=eyJ2ZW5jb2RlX3RhZyI6Inhwdl9wcm9ncmVzc2l2ZS5JTlNUQUdSQU0uQ0xJUFMuQzMuNzIwLmRhc2hfYmFzZWxpbmVfMV92MSIsInhwdl9hc3NldF9pZCI6MTY0NDUxMTc2OTQ4Njk4NCwiYXNzZXRfYWdlX2RheXMiOjMxOSwidmlfdXNlY2FzZV9pZCI6MTAwOTksImR1cmF0aW9uX3MiOjI2LCJ1cmxnZW5fc291cmNlIjoid3d3In0%3D&ccb=17-1&_nc_gid=dswWwtrtCF26Lqa5iMskRQ&edm=AM6HXa8EAAAA&_nc_zt=28&vs=7d2b294b12997068&_nc_vs=HBksFQIYQGlnX2VwaGVtZXJhbC8wNjRCNEQ4QUI0MTU3NTZCMDA3RTcxODZERDcxNjM5NV92aWRlb19kYXNoaW5pdC5tcDQVAALIARIAFQIYRmlnX3hwdl9yZWVsc19wZXJtYW5lbnRfc3JfcHJvZC8xODA2MjQwMTM5OTUwNTIzXzQ5OTM4MDU0MDQ0NTM4MTc0NC5tcDQVAgLIARIAKAAYABsCiAd1c2Vfb2lsATEScHJvZ3Jlc3NpdmVfcmVjaXBlATEVAAAmkJrLvZfr6wUVAigCQzMsF0A6Kn752yLRGBJkYXNoX2Jhc2VsaW5lXzFfdjERAHX-B2XmnQEA&oh=00_Afsp5pInkHxkLZF9xRoXbP_G3EEjDeHkrXeioJxsK1Z3zg&oe=698426CF,https://scontent-lga3-3.cdninstagram.com/v/t51.75761-15/485310561_18495079525017986_3870067372263515807_n.jpg?stp=dst-jpg_e35_tt6&_nc_cat=108&ccb=7-5&_nc_sid=18de74&efg=eyJlZmdfdGFnIjoiQ0xJUFMuYmVzdF9pbWFnZV91cmxnZW4uQzMifQ%3D%3D&_nc_ohc=aw4BV0BWiWEQ7kNvwHo4O5d&_nc_oc=AdmUmoJHWm-H8oldds4i3fy8waomKevysOKnZKC1nVzZ9ogAx-HwReGuehrsjAIPl_KxNY-HiaTQh6ymtfDIC6gk&_nc_zt=23&_nc_ht=scontent-lga3-3.cdninstagram.com&edm=AM6HXa8EAAAA&_nc_gid=dswWwtrtCF26Lqa5iMskRQ&oh=00_AfsWl4AhBiFukcuTNZpdbHpNdYJcRLtGznefZ9MbJf_gIA&oe=69841458,25,0.039556962,19
1.82157E+16,hamletisntdead,"#Hidiots recite their favorite lines from the first of two monologue workshops this month! Which ones do you recognize?
#Shakespeare #TheatreKid #Monologue",2025-02-21 15:34:44+00:00,https://www.instagram.com/reel/DGV3TA9OD3I/,VIDEO,Lifetime,Lifetime,1617,,1079,,30,2,5,1,0,38,0,,,,,https://scontent-lga3-3.cdninstagram.com/o1/v/t2/f2/m367/AQNK1I-c3lqBz55g1iwpGoSxyANFmQhb9FavFA2zBhcjbcnks3qQwUv9Fu0anwwtA_Yzaq4nkGQG7JkG2uuqwqyPFwgfufu6Gk68NXI.mp4?_nc_cat=104&_nc_sid=5e9851&_nc_ht=scontent-lga3-3.cdninstagram.com&_nc_ohc=aPvZKOlPagIQ7kNvwFbW8Sw&efg=eyJ2ZW5jb2RlX3RhZyI6Inhwdl9wcm9ncmVzc2l2ZS5JTlNUQUdSQU0uQ0xJUFMuQzMuNzIwLmRhc2hfYmFzZWxpbmVfMV92MSIsInhwdl9hc3NldF9pZCI6MTI4Mzk2NTg3NjAxMTQ0OSwiYXNzZXRfYWdlX2RheXMiOjM0NywidmlfdXNlY2FzZV9pZCI6MTAwOTksImR1cmF0aW9uX3MiOjQ2LCJ1cmxnZW5fc291cmNlIjoid3d3In0%3D&ccb=17-1&_nc_gid=dswWwtrtCF26Lqa5iMskRQ&edm=AM6HXa8EAAAA&_nc_zt=28&vs=fa6270bae12b60e6&_nc_vs=HBksFQIYQGlnX2VwaGVtZXJhbC9DMjQwRDUxRDQwQzg4ODg4QTk2QzQ2MDUxMjZBMTBCQV92aWRlb19kYXNoaW5pdC5tcDQVAALIARIAFQIYRmlnX3hwdl9yZWVsc19wZXJtYW5lbnRfc3JfcHJvZC82NDc5MDY3NTExMTE4NjZfODY1NTYwNDI2NjUyMjk0MTM0Ni5tcDQVAgLIARIAKAAYABsCiAd1c2Vfb2lsATEScHJvZ3Jlc3NpdmVfcmVjaXBlATEVAAAm8oaMn9PwxwQVAigCQzMsF0BHFT987ZFoGBJkYXNoX2Jhc2VsaW5lXzFfdjERAHX-B2XmnQEA&oh=00_AfuJcjpEB6hHDVHC_gYV6NYWHgc2zR1pd7e0EKb28tef7A&oe=69840C0D,https://scontent-lga3-1.cdninstagram.com/v/t51.71878-15/479721416_4166213660331071_287079607256440226_n.jpg?stp=dst-jpg_e35_tt6&_nc_cat=103&ccb=7-5&_nc_sid=18de74&efg=eyJlZmdfdGFnIjoiQ0xJUFMuYmVzdF9pbWFnZV91cmxnZW4uQzMifQ%3D%3D&_nc_ohc=rWpGo9GarLoQ7kNvwHxHiWe&_nc_oc=AdkMtMbndlS9vZnmuZ2Wnxfocm3xeoOOZcfBI1nkdMsz6JYho241vxgJ_tlUCCcUrcA1eOKxTpywABCVK8ZO3TLE&_nc_zt=23&_nc_ht=scontent-lga3-1.cdninstagram.com&edm=AM6HXa8EAAAA&_nc_gid=dswWwtrtCF26Lqa5iMskRQ&oh=00_AfsXW3g0aN5RIAMja9fHxzbPxlK3xjg5qTj8VGxiyVmTVg&oe=6983FBE9,38,0.035217794,20
1.79728E+16,hamletisntdead,"we have 4 rival--we mean sister--shows @caveatnyc this month!! Get your tickets at the link in our bio üéü

#ForBardsSake #HamletIsntDead #Hidiots #TheatreKid #Macbeth #Shakespeare",2025-03-03 13:41:12+00:00,https://www.instagram.com/reel/DGvT2w4uc8U/,VIDEO,Lifetime,Lifetime,2566,,1857,,50,1,3,0,0,54,0,,,,,https://scontent-lga3-1.cdninstagram.com/o1/v/t2/f2/m367/AQPPuDApHHKg_QgggIamsea6taxknv2ToUh39HTG23WNLRtvpPxlqj4fBBeYKFpQJfNFxo8_P4LGmsQgESwzssGi2t466InrvGhl-XY.mp4?_nc_cat=103&_nc_sid=5e9851&_nc_ht=scontent-lga3-1.cdninstagram.com&_nc_ohc=wu0d_KypoyUQ7kNvwEIHtB3&efg=eyJ2ZW5jb2RlX3RhZyI6Inhwdl9wcm9ncmVzc2l2ZS5JTlNUQUdSQU0uQ0xJUFMuQzMuNzIwLmRhc2hfYmFzZWxpbmVfMV92MSIsInhwdl9hc3NldF9pZCI6MTczNTI0OTI3NzA1Mzg4MywiYXNzZXRfYWdlX2RheXMiOjMzNCwidmlfdXNlY2FzZV9pZCI6MTAwOTksImR1cmF0aW9uX3MiOjEyLCJ1cmxnZW5fc291cmNlIjoid3d3In0%3D&ccb=17-1&_nc_gid=dswWwtrtCF26Lqa5iMskRQ&edm=AM6HXa8EAAAA&_nc_zt=28&vs=e8b394085cf5f15b&_nc_vs=HBksFQIYQGlnX2VwaGVtZXJhbC80RTQzOEQ4NzYyQzY5NkYxMkFDRDE2NkM4RTgxNUZBRl92aWRlb19kYXNoaW5pdC5tcDQVAALIARIAFQIYRmlnX3hwdl9yZWVsc19wZXJtYW5lbnRfc3JfcHJvZC81Njc3Nzk0MzI5ODE0MTBfOTAwMzAyMjY5MDIxNTM3MzA1My5tcDQVAgLIARIAKAAYABsCiAd1c2Vfb2lsATEScHJvZ3Jlc3NpdmVfcmVjaXBlATEVAAAm9q6LzOaMlQYVAigCQzMsF0AoIcrAgxJvGBJkYXNoX2Jhc2VsaW5lXzFfdjERAHX-B2XmnQEA&oh=00_AfuDg700TI0v9zaPhn5poLMxliWS-WD4-0j3-hdmBceyYg&oe=69840214,https://scontent-lga3-1.cdninstagram.com/v/t51.75761-15/482370376_18491799853017986_3677572780242034062_n.jpg?stp=dst-jpg_e35_tt6&_nc_cat=102&ccb=7-5&_nc_sid=18de74&efg=eyJlZmdfdGFnIjoiQ0xJUFMuYmVzdF9pbWFnZV91cmxnZW4uQzMifQ%3D%3D&_nc_ohc=kNopTIcnPagQ7kNvwHEliWc&_nc_oc=Adl-4_qlRA022RvJkKai8YI1nyqHrKdmyl0eAlDNkRWx1hNOJNCu7pBzQm0amGoZUXzJw6fuS8Lu0MuOKagd0WI6&_nc_zt=23&_nc_ht=scontent-lga3-1.cdninstagram.com&edm=AM6HXa8EAAAA&_nc_gid=dswWwtrtCF26Lqa5iMskRQ&oh=00_AftZfZKWPEnQ4LnLOKnYkByZ1wEMfmbHRkM-7SjVu2tVzA&oe=69842528,54,0.02907916,21
1.80422E+16,hamletisntdead,"this is the future Cloten wants ü§Æ

See if he gets his wish in #Cymbeline closing this weekend!

#HamletIsntDead #Hidiots #Shakespeare #TheatreKid 

Filmed by @feribluee",2025-05-30 16:31:06+00:00,https://www.instagram.com/reel/DKR-4aRu-Fn/,VIDEO,Lifetime,Lifetime,985,,620,,15,0,2,0,0,17,0,,,,,https://scontent-lga3-2.cdninstagram.com/o1/v/t2/f2/m86/AQMX3KvyHlo-BZ3hIAs_hh_TfeHgsVCexwX_ECluEo64zlD7Fj6ORJoJer9irjOVVc9MHRhtjyv_LSP4KFXYrb2h_2so5zOBJCY2KcY.mp4?_nc_cat=109&_nc_sid=5e9851&_nc_ht=scontent-lga3-2.cdninstagram.com&_nc_ohc=QltWzmeNZK0Q7kNvwF-mvCx&efg=eyJ2ZW5jb2RlX3RhZyI6Inhwdl9wcm9ncmVzc2l2ZS5JTlNUQUdSQU0uQ0xJUFMuQzMuMzYwLmRhc2hfYmFzZWxpbmVfM192MSIsInhwdl9hc3NldF9pZCI6MzI2NTU4MDc0NjkxNjA1NiwiYXNzZXRfYWdlX2RheXMiOjI0NiwidmlfdXNlY2FzZV9pZCI6MTAwOTksImR1cmF0aW9uX3MiOjcsInVybGdlbl9zb3VyY2UiOiJ3d3cifQ%3D%3D&ccb=17-1&vs=a110b06e6ce13f47&_nc_vs=HBksFQIYUmlnX3hwdl9yZWVsc19wZXJtYW5lbnRfc3JfcHJvZC9EMjQwNDg1Rjk5QjVDNzU5QUZBMDAyQUNFNEZCMTY4M192aWRlb19kYXNoaW5pdC5tcDQVAALIARIAFQIYR2lnX3hwdl9yZWVsc19wZXJtYW5lbnRfc3JfcHJvZC8yMzE5NDI4OTc1MTE3NjMzXzU4MzI4NDAyNTA4MTgzNDYwMjQubXA0FQICyAESACgAGAAbAogHdXNlX29pbAExEnByb2dyZXNzaXZlX3JlY2lwZQExFQAAJrCDvsbogc0LFQIoAkMzLBdAHAAAAAAAABgSZGFzaF9iYXNlbGluZV8zX3YxEQB1_gdl5p0BAA&_nc_gid=dswWwtrtCF26Lqa5iMskRQ&edm=AM6HXa8EAAAA&_nc_zt=28&oh=00_Afv8--W4I2eAPu8FIdiIsVGBSG9Rgc8UJ97x30vOA9ADYg&oe=6980188E,https://scontent-lga3-2.cdninstagram.com/v/t51.75761-15/501609068_18509444266017986_3287760354262891020_n.jpg?stp=dst-jpg_e35_tt6&_nc_cat=100&ccb=7-5&_nc_sid=18de74&efg=eyJlZmdfdGFnIjoiQ0xJUFMuYmVzdF9pbWFnZV91cmxnZW4uQzMifQ%3D%3D&_nc_ohc=gIk1f-OlxAoQ7kNvwFYsA70&_nc_oc=AdkuudBD0FEJbvmNXb5xjFK5GAsH6IW9YSy8YcnIRmhJlmXqe_1NINoYAbysv5JkfgHyP4-APbbz_W-6awlJLa3M&_nc_zt=23&_nc_ht=scontent-lga3-2.cdninstagram.com&edm=AM6HXa8EAAAA&_nc_gid=dswWwtrtCF26Lqa5iMskRQ&oh=00_AfteQP1qsMXgabOKyjayTvtJxhviTp_6Zh18zAR_ZVSX2g&oe=69841C82,17,0.027419355,22