Publish time,Description,Follows,Reach,Likes,Media URL,Permalink,Conversion
2024-03-08T14:28:27+0000,"Announcing our outstanding cast of #Othello üçì Give them some love in the comments!!
At long last, Hamlet Isn't Dead is tackling this famous tale with the incredible guidance of director and #HIDiot @christopherreedbrown 
Coming soon to our home at @centeratwestpark - Tickets will go on sale next week! #StayTuned

#HamletIsntDead #HID #Hidiots #Shakespeare #ComingSoon #NYCTheatre #NYCShakespeare",12.0,1700,189.0,https://scontent-lga3-3.cdninstagram.com/v/t51.29350-15/432240444_768151831660033_7620805970792660772_n.heic?stp=dst-jpg_e35_tt6&_nc_cat=110&ccb=1-7&_nc_sid=18de74&efg=eyJlZmdfdGFnIjoiRkVFRC5iZXN0X2ltYWdlX3VybGdlbi5DMyJ9&_nc_ohc=Cd_kVeFKy74Q7kNvwEQcf_6&_nc_oc=AdkzrC6zQViJggeL9_XAT1QwOGnw1cvpqP1IliXYwpR5iRjsgbfmnJrlAaIUtP_Rl5s&_nc_zt=23&_nc_ht=scontent-lga3-3.cdninstagram.com&edm=AM6HXa8EAAAA&_nc_gid=PiuPX5Laj15EMkLV0Pn8MA&oh=00_AfjSBeh1hpo6yMnS9AhNRvYPW-MAALA-DKI-Tv_LZ3iaIg&oe=691011E9,https://www.instagram.com/p/C4QbIPAO_uG/,0.007058823529411765
2025-02-07T16:57:12+0000,"Kicking off our For Bard‚Äôs Sake series with #TwoGents üê∂ featuring some of the Bard‚Äôs finest: crossdressing, clownery, and a bit with a dog! Don't miss the shenanigans as four funny folks try to fix this problem play for good. Meet the cast, then snag your tix at the link in our bio! 

#NoHateSpeare #ForBardsSake #Shakespeare #HamletIsntDead #NYCActor #Hidiots #TheatreKid",9.0,1803,79.0,https://scontent-lga3-3.cdninstagram.com/v/t51.29350-15/476582297_2293909164299293_5248111809039082974_n.heic?stp=dst-jpg_e35_tt6&_nc_cat=106&ccb=1-7&_nc_sid=18de74&efg=eyJlZmdfdGFnIjoiRkVFRC5iZXN0X2ltYWdlX3VybGdlbi5DMyJ9&_nc_ohc=KeytfS4erWMQ7kNvwHmVhXM&_nc_oc=Adl6RIBqA696e0ORFdBlyFsQ71L1TxIX4Hl862YLSUvX7aO88E7zAR2UdqWRhrySQvM&_nc_zt=23&_nc_ht=scontent-lga3-3.cdninstagram.com&edm=AM6HXa8EAAAA&_nc_gid=3zdhCdK9XKlkVHtB9GCbpQ&oh=00_Afj9Xeuvo1_RaE0qxQcMOH8Bgy41uir1kNIBOAjXgElEDA&oe=69101C28,https://www.instagram.com/p/DFx3PvRus8U/,0.004991680532445923
2024-04-01T13:46:39+0000,"How was Othello cast in productions since its first performance? Hint: It wasn‚Äôt always‚Ä¶great. But it sure is interesting! Read on, then head to the link in our bio to snag tickets to see our perfect cast.

Text available in comments for screen readers.

#Othello #Shakespeare #History #HamletIsntDead #HID #Hidiots #ClassicalTheatre #NYCShakespeare #TheatreHistory #HistoryLesson",2.0,522,51.0,https://scontent-lga3-3.cdninstagram.com/v/t51.29350-15/434950804_425150820067462_1856735072417731630_n.heic?stp=dst-jpg_e35_tt6&_nc_cat=110&ccb=1-7&_nc_sid=18de74&efg=eyJlZmdfdGFnIjoiQ0FST1VTRUxfSVRFTS5iZXN0X2ltYWdlX3VybGdlbi5DMyJ9&_nc_ohc=rC9GdwiVRaEQ7kNvwEyK-nW&_nc_oc=AdmFOGVEQXMRTfauH1cJLbRrAo0hL1nzd5VEcgSyVlaGbi_bYpGSHa4YzsPjaoR3JE0&_nc_zt=23&_nc_ht=scontent-lga3-3.cdninstagram.com&edm=AM6HXa8EAAAA&_nc_gid=3zdhCdK9XKlkVHtB9GCbpQ&oh=00_AfhI6f4HNPFEKjcwGKwxb0oS6nN50fboW_m6x-SLN8tOSA&oe=69101D2F,https://www.instagram.com/p/C5OJbGvOitS/,0.0038314176245210726
2025-06-01T16:05:57+0000,"Our final show takes flight in two hours üò¢ Online or at-the-door tickets are still available!

Gorgeous photos by Giancarlo Osaben @osabenkenobi

#Cymbeline #Shakespeare #HamletIsntDead #Hidiots #NYCShakespeare #TheatreKid #ClosingShow #OffBroadway #OffOffBroadway",1.0,320,34.0,https://scontent-lga3-1.cdninstagram.com/v/t51.29350-15/502944752_1796413250924033_5760283920086576475_n.heic?stp=dst-jpg_e35_tt6&_nc_cat=103&ccb=1-7&_nc_sid=18de74&efg=eyJlZmdfdGFnIjoiQ0FST1VTRUxfSVRFTS5iZXN0X2ltYWdlX3VybGdlbi5DMyJ9&_nc_ohc=fclhRBOgnz8Q7kNvwFeeYOV&_nc_oc=Adlg79VdVHnjjDN4Q1CKELDe01ulppsI9ovUmqQGpLO6G35V_b16of_7EB75-YwmxRI&_nc_zt=23&_nc_ht=scontent-lga3-1.cdninstagram.com&edm=AM6HXa8EAAAA&_nc_gid=3zdhCdK9XKlkVHtB9GCbpQ&oh=00_AfjNsruMm81ON6rnCtIKKlGwzjC4oLdg-2yIdRNu3Yzz_w&oe=69101DE2,https://www.instagram.com/p/DKXUAH8u74H/,0.003125
2025-04-18T13:00:37+0000,"Get ready for the whirlwind of music, magic, and memes that is #Cymbeline ‚ú®Ô∏è 

Shakespeare gets weird with this one, so we will too! Embrace the absurd with us as we test our heroes' agency against the forces of fate #ThanksJupiter ü¶Ö 

Save the dates! Ticket link coming soon, should Jupiter smile upon us. 

Poster design by the incomparable Kailee McDade. Check out their work at kaileemcdade.com üé® 

#HamletIsntDead #Hidiots #Shakespeare #NYCShakespeare #TheatreKid #ClassicalActor #Memes",5.0,1943,86.0,https://scontent-lga3-1.cdninstagram.com/v/t51.29350-15/490381648_1133452665218779_5665501410942978568_n.heic?stp=dst-jpg_e35_tt6&_nc_cat=108&ccb=1-7&_nc_sid=18de74&efg=eyJlZmdfdGFnIjoiRkVFRC5iZXN0X2ltYWdlX3VybGdlbi5DMyJ9&_nc_ohc=N1SqgD6aTCwQ7kNvwGCt67_&_nc_oc=AdnukASNOzOpGHHd3XgptfJGWqJaBHVHi5u4GiULTYNbQw2Mo54czpzj7r0z6laBWKo&_nc_zt=23&_nc_ht=scontent-lga3-1.cdninstagram.com&edm=AM6HXa8EAAAA&_nc_gid=3zdhCdK9XKlkVHtB9GCbpQ&oh=00_AfhforyVEwMQVlNOWjETNk3C4d9Tz71ATBLsd22gyq2ItA&oe=69100168,https://www.instagram.com/p/DIlrwWpvosF/,0.0025733401955738548
2025-05-20T15:10:57+0000,"We have officially loaded into St. Luke‚Äôs Theatre! We cannot wait to bring this show to audiences in just two days!!

Featuring: our fearless director, stage manager, and producers! 

Support indie theatre and the talented artists bringing this story to life. Tickets available in our bio! #ThanksJupiter

#Cymbeline #Shakespeare #HamletIsntDead #Hidiots #NYCTheatre #NYCShakespeare",2.0,783,62.0,https://scontent-lga3-2.cdninstagram.com/v/t51.75761-15/499610144_18507339841017986_2826411800202103993_n.jpg?stp=dst-jpg_e35_tt6&_nc_cat=105&ccb=1-7&_nc_sid=18de74&efg=eyJlZmdfdGFnIjoiRkVFRC5iZXN0X2ltYWdlX3VybGdlbi5DMyJ9&_nc_ohc=oPQ-t2A_IQkQ7kNvwHDCP2A&_nc_oc=AdkUfJn6IBe6bvfGqy4JeGcZb1LPEzI5dPZlPnRfocrCo122f6mwwpWivbft7k_Gjwg&_nc_zt=23&_nc_ht=scontent-lga3-2.cdninstagram.com&edm=AM6HXa8EAAAA&_nc_gid=3zdhCdK9XKlkVHtB9GCbpQ&oh=00_AfgEH3ZmSRZ5FI5elqJK_Y4BG14VfRxomxXC79q0gOJrsg&oe=69102774,https://www.instagram.com/p/DJ4UK2qu4ed/,0.002554278416347382
2024-10-09T14:35:35+0000,"Pericles is an epic tale of evil queens, kindhearted strangers, and star-crossed lovers. Of soldiers, poets, and kings! Meet this cast of characters and get your tickets at the link in our bio to see them live - opening next week! ‚õµÔ∏è

#Pericles #HamletIsntDead #Hidiots #NoBoysAllowed #Shakespeare #ClassicalActor",3.0,1220,65.0,https://scontent-lga3-3.cdninstagram.com/v/t51.29350-15/462448332_1263598168161753_6290103634804239614_n.heic?stp=dst-jpg_e35_tt6&_nc_cat=110&ccb=1-7&_nc_sid=18de74&efg=eyJlZmdfdGFnIjoiQ0FST1VTRUxfSVRFTS5iZXN0X2ltYWdlX3VybGdlbi5DMyJ9&_nc_ohc=cO8Itw-p5PMQ7kNvwF8FmNk&_nc_oc=AdngQU7uBGI4huIhoJPyc5IsxHSoLXzCHUkcQ1o6cI1aswitz8LUhgFiMJiW8MIk1aU&_nc_zt=23&_nc_ht=scontent-lga3-3.cdninstagram.com&edm=AM6HXa8EAAAA&_nc_gid=3zdhCdK9XKlkVHtB9GCbpQ&oh=00_AfhjhFSoxyNnenxLyEqL81xNZaRYoeEn1X0s4bsOagRmtQ&oe=69101773,https://www.instagram.com/p/DA6C1X-PN4U/,0.002459016393442623
2024-09-03T12:33:03+0000,"Gorgeous shots of When My Cue Comes at The Little Shakespeare Festival by @lacasadelfrancois üì∑
Bid these characters adieu for now, but their cues may come again...

#WhenMyCueComes #HamletIsntDead #Hidiots #Shakespeare #LittleShakespeareFestival #FrigidNewYork",2.0,855,92.0,https://scontent-lga3-3.cdninstagram.com/v/t51.29350-15/457880072_809610587858827_6187316265015629664_n.heic?stp=dst-jpg_e35_tt6&_nc_cat=104&ccb=1-7&_nc_sid=18de74&efg=eyJlZmdfdGFnIjoiQ0FST1VTRUxfSVRFTS5iZXN0X2ltYWdlX3VybGdlbi5DMyJ9&_nc_ohc=xavQ24I-52AQ7kNvwH-1Uo_&_nc_oc=AdkE2RHu1CuG6KBL-PgV89D32DaSTKboV9dsl6PolifLB6abXkVfIz0KKHySXf7jxdY&_nc_zt=23&_nc_ht=scontent-lga3-3.cdninstagram.com&edm=AM6HXa8EAAAA&_nc_gid=3zdhCdK9XKlkVHtB9GCbpQ&oh=00_AfggqNGTXp0y2GmiGSW4xTu5r1vHs9M8rJ1-orPn9hEVng&oe=69102A6B,https://www.instagram.com/p/C_dINsSOpRG/,0.0023391812865497076
2025-02-20T12:59:20+0000,"Our final show of our #ForBardsSake series is As YOU Like It! Last but certainly not least, this fiesty feminine romp will round out our @caveatnyc debut! Directed by our very own @jmcicalese and cast with resident actors, you're gonna wanna snag your tickets ASAP- get them in our bio! Is love merely a madness? Find out on March 21st! üíö

#AsYouLikeIt #Shakespeare #HamletIsntDead #Hidiots #NoHateSpeare #NYCShakespeare #TheatreKid #TheSixthAgeShifts #IntoTheWoods",5.0,2222,45.0,https://scontent-lga3-1.cdninstagram.com/v/t51.29350-15/480982447_531899813248415_7789634457855346208_n.heic?stp=dst-jpg_e35_tt6&_nc_cat=102&ccb=1-7&_nc_sid=18de74&efg=eyJlZmdfdGFnIjoiRkVFRC5iZXN0X2ltYWdlX3VybGdlbi5DMyJ9&_nc_ohc=PttEHmNt7l4Q7kNvwFTM-9K&_nc_oc=Adnx4hcQnYYU8ffLVWTOB9nAwDXNduk7nnA8izQPsyIwscYOmIXPV2FsI6vC2-vXYtQ&_nc_zt=23&_nc_ht=scontent-lga3-1.cdninstagram.com&edm=AM6HXa8EAAAA&_nc_gid=3zdhCdK9XKlkVHtB9GCbpQ&oh=00_AfjFJpuXMuWb4fUNJM5pEoJF5yFH6TPBKRx8MpuMGFKFyg&oe=691025F8,https://www.instagram.com/p/DGS6W-3ug7J/,0.0022502250225022503
2024-09-06T15:30:35+0000,"Look at all of these gorgeous people! They must be incredibly famous and important...oh wait they ARE! Because they're our 2024-25 Resident Acting Company!!! Please give a warm welcome and hearty congratulations to this year's ensemble. We cannot wait to get started üíÄ

#HamletIsntDead #RacAtItAgain #Hidiots #Shakespeare #NYCShakespeare #ClassicalActor",7.0,3192,187.0,https://scontent-lga3-2.cdninstagram.com/v/t51.29350-15/458490107_1699286980844653_3150828503575553809_n.heic?stp=dst-jpg_e35_tt6&_nc_cat=100&ccb=1-7&_nc_sid=18de74&efg=eyJlZmdfdGFnIjoiRkVFRC5iZXN0X2ltYWdlX3VybGdlbi5DMyJ9&_nc_ohc=hJXNeQphIOkQ7kNvwFrcovw&_nc_oc=Adl8ORF0imOaRIYymdg2ndyfT3fuDb_vEVCiBw22maGCY0Sfg6nj_C4POPk2KDR7ceU&_nc_zt=23&_nc_ht=scontent-lga3-2.cdninstagram.com&edm=AM6HXa8EAAAA&_nc_gid=3zdhCdK9XKlkVHtB9GCbpQ&oh=00_AfiBnukViO_pepv7Y2ITY-emfbKA-35EpsOK9VN6jhdbew&oe=691012C1,https://www.instagram.com/p/C_lK7epPzjr/,0.0021929824561403508
2024-06-25T18:43:14+0000,"Announcing our 2024-25 season! We're continuing through the canon with our 31st and 32nd productions: Pericles and Cymbeline (affectionately referred to by our team as Cymbelmeme). Join us for a high-adventure, drama-filled season with plenty of sea shanties and HIDiocy along the way!

#HamletIsntDead #SeasonAnnouncement #Shakespeare #HID #Hidiots #NYCShakespeare #NYCTheatre #Pericles #Cymbeline #Cymbelmeme",2.0,921,80.0,https://scontent-lga3-2.cdninstagram.com/v/t51.29350-15/449137999_1137438587490654_8569225546428917524_n.heic?stp=dst-jpg_e35_tt6&_nc_cat=100&ccb=1-7&_nc_sid=18de74&efg=eyJlZmdfdGFnIjoiRkVFRC5iZXN0X2ltYWdlX3VybGdlbi5DMyJ9&_nc_ohc=sXetk4QK9vIQ7kNvwGmfJJW&_nc_oc=AdnJLRLxA957jFXTqSEsk0kVd1VbYpFitPsih23T-qYVYX3q4hRNhEGRBtQvoRNe21M&_nc_zt=23&_nc_ht=scontent-lga3-2.cdninstagram.com&edm=AM6HXa8EAAAA&_nc_gid=3zdhCdK9XKlkVHtB9GCbpQ&oh=00_AfgcoOVmuMPuH_t-X_aehGw9ESGO3wKDNf9lJVM1NxiOvA&oe=69102DF5,https://www.instagram.com/p/C8pi7zZvHHM/,0.002171552660152009
2024-08-26T14:00:15+0000,"We are so excited to share the incredible cast of Pericles directed by HID's Creative Director, @sophia.c.carlin. Show 'em some love in the comments below!! üíï

It‚Äôs time to go on an epic adventure. Full of everything in the sea, from feisty fisherman to pesky pirates, the story of #Pericles is one that deserves to be told‚Ä¶ from an entirely new perspective. With their joyful and musically vibrant style, #HamletIsntDead takes this story and steers for a different course. Featuring a no boys allowed cast and original music by @sleotacarlin, Pericles asks the question, ‚Äúwhat makes a life worth living?‚Äù

Ticket details coming soon but #SaveTheDate! This is a show you won't want to miss. üåä‚õµÔ∏èüåä

#NYCShakespeare #HIDPericles #HIDiocy #NoBoysAllowed #CenterAtWestPark #CastDrop",11.0,5418,196.0,https://scontent-lga3-2.cdninstagram.com/v/t51.29350-15/457150508_516801387654210_4103899933195028767_n.heic?stp=dst-jpg_e35_tt6&_nc_cat=100&ccb=1-7&_nc_sid=18de74&efg=eyJlZmdfdGFnIjoiRkVFRC5iZXN0X2ltYWdlX3VybGdlbi5DMyJ9&_nc_ohc=zgTKPR_jNwIQ7kNvwG3dYwi&_nc_oc=Adnn1SIKaFsCfFrzwbCwKUKycvBDHayfJBkEuNhDUSlx0rQYCp89SimofmjJXWY72Fg&_nc_zt=23&_nc_ht=scontent-lga3-2.cdninstagram.com&edm=AM6HXa8EAAAA&_nc_gid=3zdhCdK9XKlkVHtB9GCbpQ&oh=00_AfjV4iR598ROT-Sq2lDVimbeJPaOhS6EPWZn_vvt1o4gYg&oe=69103401,https://www.instagram.com/p/C_Ir4UdvIH_/,0.002030269472129937
2024-04-05T20:59:57+0000,"It's time for another #MeetAHidiot and you will probably recognize this face! Stephanie has been with Hamlet Isn‚Äôt Dead for 7 years, and she is an absolute delight to work with every single time! Don‚Äôt miss her in action- get your tickets at the link in our bio before it‚Äôs too late! We open in one week, people!!! #Zounds

#ImageDescription in comments

#Hidiots #HamletIsntDead #HID #Shakespeare #Othello #NYCActor #ClassicalActor #ClassicalTheatre #NYCTheatre #NYCShakespeare",1.0,508,36.0,https://scontent-lga3-3.cdninstagram.com/v/t51.29350-15/436333712_1639460103533176_2332424681326552414_n.heic?stp=dst-jpg_e35_tt6&_nc_cat=104&ccb=1-7&_nc_sid=18de74&efg=eyJlZmdfdGFnIjoiQ0FST1VTRUxfSVRFTS5iZXN0X2ltYWdlX3VybGdlbi5DMyJ9&_nc_ohc=U-cpZLLm4SgQ7kNvwE5nRIr&_nc_oc=AdkN2XAKahTRvCUpgs81rzMfUEkDQ4qTBhzfmvOrEBw7haPOqiQPD_M0429W6WRP6R0&_nc_zt=23&_nc_ht=scontent-lga3-3.cdninstagram.com&edm=AM6HXa8EAAAA&_nc_gid=3zdhCdK9XKlkVHtB9GCbpQ&oh=00_AfjBTJDarpCRGVRSwk-8BXfAIcMI1_g2APoczbsHjBKneA&oe=691007BF,https://www.instagram.com/p/C5ZOMNIvz8n/,0.001968503937007874
2025-03-28T14:32:09+0000,"Announcing at long last our cast of Cymbeline! We cannot wait for this Resident Acting Company showcase production and to get started with this brilliant ensemble. 

Save the date and head to the link in our bio to help sponsor this production!! #ThanksJupiter ü¶Ö

#HamletIsntDead #Hidiots #Cymbeline #Shakespeare #ClassicalActor #TheatreKid",3.0,1732,95.0,https://scontent-lga3-1.cdninstagram.com/v/t51.29350-15/486659491_1791905891671646_404679877889777837_n.heic?stp=dst-jpg_e35_tt6&_nc_cat=108&ccb=1-7&_nc_sid=18de74&efg=eyJlZmdfdGFnIjoiQ0FST1VTRUxfSVRFTS5iZXN0X2ltYWdlX3VybGdlbi5DMyJ9&_nc_ohc=nI7rTjWF_jsQ7kNvwE5Shoj&_nc_oc=AdknEpoDBJGYy86FqkbefOBh_IDQOJOOS5jHvGQknVHuo8eHtrNx_QfjGtE6AcSRInE&_nc_zt=23&_nc_ht=scontent-lga3-1.cdninstagram.com&edm=AM6HXa8EAAAA&_nc_gid=3zdhCdK9XKlkVHtB9GCbpQ&oh=00_AfgoZgzHKJ5-RxEWF7tqBMkDO9J897zCtq3e2WWq9gBTJQ&oe=69102964,https://www.instagram.com/p/DHvxmRMucJq/,0.0017321016166281756
2025-02-25T13:37:56+0000,"‚ú®Ô∏è Exciting News! ‚ú®Ô∏è
ShakesPreK is BACK and ready to bring the magic of Shakespeare to little ones all over NYC! üé≠
We're bringing fun & educational adventures to classrooms in all five boroughs, and introducing preschoolers to the world of the Bard through play, creativity, and imagination. üìö
Know any teachers or parents who would love ShakesPreK? Send them our way to set up a free demo class! üéâ
Check out the link in our bio for more info!

#ShakesPreK #EarlyChildhoodDevelopment #ShakespeareForKids #LearningThroughPlay",1.0,584,36.0,https://scontent-lga3-2.cdninstagram.com/v/t51.29350-15/481590882_644499028320456_4864148808226999658_n.heic?stp=dst-jpg_e35_tt6&_nc_cat=107&ccb=1-7&_nc_sid=18de74&efg=eyJlZmdfdGFnIjoiRkVFRC5iZXN0X2ltYWdlX3VybGdlbi5DMyJ9&_nc_ohc=pLi_yJYwtjAQ7kNvwEyTBkO&_nc_oc=Adl-vyYa5be49T3SuIrYTXw83lH17NB-6Syq3xysRqxxokzBJ-6F2gJwQsvuLqO9chg&_nc_zt=23&_nc_ht=scontent-lga3-2.cdninstagram.com&edm=AM6HXa8EAAAA&_nc_gid=3zdhCdK9XKlkVHtB9GCbpQ&oh=00_AfgHz56Vd2rrbVuVFdA29wKsNEqLmkuuOYQR89H5CXMzXQ&oe=691017C0,https://www.instagram.com/p/DGf2wEtJ27R/,0.0017123287671232876
2024-09-26T12:30:48+0000,"Meet some of our stellar cast of Pericles, which opens in three weeks!!! These swashbucklers have been working hard to bring the epic tale of Pericles to life ‚õµÔ∏è Head to the link in our bio for tickets!
#Pericles #HamletIsntDead #Hidiots #Shakespeare #ClassicalActor #CenterAtWestPark #NoBoysAllowed #NYCShakespeare 

Text reads, ""Cast highlight. Ellie Armitage as Gower and Band. Quote: ""Pericles is an epic about storms and shipwrecks, love and loss, and what makes a life worth living. What's not to love?""
Cast highlight. Romeo Torres as Cleon, Lysimachus, Third Knight, and Second Pirate. Quote: ""The challenge of creating four distinct characters, some with much more text to work through than others-- unreal. The ask at each rehearsal is to be both your most intelligent and most idiotic."" 
Cast highlight. Abril L√≥pez as Thaisa and Diana. Quote: ""We are really taking sea la vie to a whole new level."" 
Cast highlight. Stefania Gonzalez as Understudy for Pericles and others. Quote: ""In a rehearsal room filled with laughter and play and grief and groundedness, it's easy to find answers to 'Why live a life?'""
The Center at West Park. October 17th through 26th.",2.0,1227,35.0,https://scontent-lga3-2.cdninstagram.com/v/t51.29350-15/461317947_2980098835466093_3036733352659525189_n.heic?stp=dst-jpg_e35_tt6&_nc_cat=100&ccb=1-7&_nc_sid=18de74&efg=eyJlZmdfdGFnIjoiQ0FST1VTRUxfSVRFTS5iZXN0X2ltYWdlX3VybGdlbi5DMyJ9&_nc_ohc=aYpN0tBitXEQ7kNvwHRAihf&_nc_oc=AdnVP8-n7KgmDNCdZlvUX0hnyzQdfD2ZL9EAVAl33EG953zu4mY7gnLkAsyEPbiWKic&_nc_zt=23&_nc_ht=scontent-lga3-2.cdninstagram.com&edm=AM6HXa8EAAAA&_nc_gid=3zdhCdK9XKlkVHtB9GCbpQ&oh=00_AfgNi-C-iHrbDW4dANW6CsYlfPEPcBu4mvdIrtII5CqMQg&oe=69102128,https://www.instagram.com/p/DAYWMPzPRlO/,0.0016299918500407497
2024-03-19T14:37:43+0000,"Ok, let‚Äôs address the elephant in the room. Othello is a heavy play full of racial prejudice, misogyny, and fetishization. This infographic just scratches the surface of the discussions we‚Äôve had about race in the play so that we can be our joyful, HIDiotic selves‚Ä¶without making racism a joke. Thank you so much to Farah Karim Cooper for her incredible book #TheGreatWhiteBard which we consider essential reading for the modern Shakespeare artist!
#ImageDescription in comments

#Othello #Shakespeare #HamletIsntDead #HID #Hidiots #ClassicalTheatre #NYCShakespeare #NYCTheatre #NYCActor #ClassicalActor #AntiracistTheatre",1.0,638,61.0,https://scontent-lga3-2.cdninstagram.com/v/t51.29350-15/433998207_816285323866536_2058229924481972708_n.heic?stp=dst-jpg_e35_tt6&_nc_cat=105&ccb=1-7&_nc_sid=18de74&efg=eyJlZmdfdGFnIjoiQ0FST1VTRUxfSVRFTS5iZXN0X2ltYWdlX3VybGdlbi5DMyJ9&_nc_ohc=uezpIpaQ6dkQ7kNvwFkd6BH&_nc_oc=Adlw0wLrhFUpYifP-r6lkmjEU8K74SNbvdeCo04hsYblcKHyoOtVLJgrEuphIowgsoA&_nc_zt=23&_nc_ht=scontent-lga3-2.cdninstagram.com&edm=AM6HXa8EAAAA&_nc_gid=3zdhCdK9XKlkVHtB9GCbpQ&oh=00_AfiEWL_N4bmteB88wZB_1biGk6jyYJ59v0HQngGumAHyXQ&oe=69101B1F,https://www.instagram.com/p/C4sw7z2utpg/,0.001567398119122257
2024-07-16T13:36:26+0000,"In Waiting Room Z, Shakespeare‚Äôs most often forgotten characters find themselves antsy, excited, and lost. It is here that the all-knowing Stage Manager sends them out into the world. However, it‚Äôs been years since these characters have been in the spotlight, and they‚Äôre beginning to grow impatient. Hamlet Isn't Dead's ""When My Cue Comes"" is a devised play that follows four of these ‚Äúleft-behind‚Äù characters in the canon and their desperate attempts to do whatever it takes to take their place on stage once again.

Helmed by @b.carty23 and devised and performed by @aaronanthonymoore @reidywatson @ladymaudlin @nataliedeboer.actor and @gabrielcethridge we are thrilled to bring this new production to @frigidnewyork 's Little Shakespeare Festival! See us August 2-17 and get your tickets at the link in our bio today!

#Shakespeare #DevisedTheatre #FrigidNewYork #LittleShakespeareFestival #WhenMyCueComes #NYCActor #Hamlet #Tempest #AsYouLikeIt #Hidiots",2.0,1284,33.0,https://scontent-lga3-2.cdninstagram.com/v/t51.29350-15/451358749_1002601801076853_4263102887627237880_n.heic?stp=dst-jpg_e35_tt6&_nc_cat=107&ccb=1-7&_nc_sid=18de74&efg=eyJlZmdfdGFnIjoiRkVFRC5iZXN0X2ltYWdlX3VybGdlbi5DMyJ9&_nc_ohc=q9oQc3M5aYwQ7kNvwFbJRnF&_nc_oc=AdkVk1O7GheedHhF8vOJhmfYfqacDn0t6erY2rM41blmpBQkrm8g_aJu0gPUF-tkQlA&_nc_zt=23&_nc_ht=scontent-lga3-2.cdninstagram.com&edm=AM6HXa8EAAAA&_nc_gid=3zdhCdK9XKlkVHtB9GCbpQ&oh=00_Afg7Jmunwgtr2hkwnmOoeXauEjPDhxR3htG4cozsCZw-nw&oe=69102B36,https://www.instagram.com/p/C9fEhB6OB0m/,0.001557632398753894
2024-04-12T21:58:06+0000,"Are you ready? Othello opens tonight!! and we couldn't be prouder of this team üíï Come see this heartbreakingly beautiful story unfold and get ready for an evening full of great music, belly laughs (and maybe a few tears?) 
For two weeks only! Get your tickets at the link in our bio üçì
Photos by the incomparable @taymcintyr 

#Othello #Shakespeare #OpeningNight #HamletIsntDead #Hidiots",1.0,696,62.0,https://scontent-lga3-1.cdninstagram.com/v/t51.29350-15/438377687_1194709274846225_2251957466175958169_n.heic?stp=dst-jpg_e35_tt6&_nc_cat=108&ccb=1-7&_nc_sid=18de74&efg=eyJlZmdfdGFnIjoiQ0FST1VTRUxfSVRFTS5iZXN0X2ltYWdlX3VybGdlbi5DMyJ9&_nc_ohc=3s6i4CsipVwQ7kNvwGZZdB2&_nc_oc=AdnHiZ851rNFoOlhaJJ19AKIks6rv4ZGJO7HVTH99yReNycyaqTK0xlfghFfnXiTq58&_nc_zt=23&_nc_ht=scontent-lga3-1.cdninstagram.com&edm=AM6HXa8EAAAA&_nc_gid=3zdhCdK9XKlkVHtB9GCbpQ&oh=00_AfgM2n0ozn_qhsxhmfV-yGcidsLnbMGqYg7RVidlsq9OZA&oe=691019AC,https://www.instagram.com/p/C5rWaOyvZMm/,0.0014367816091954023
2024-04-18T12:56:54+0000,"It's your last chance to see Hamlet Isn‚Äôt Dead‚Äôs Othello! We are so proud of this team who beautifully brought this masterpiece to life with joy, curiosity, and care. You do not want to miss this triumph! Snag your tickets at the link in our bio üéü Quick- we close Saturday!
Photos by the fabulous @taymcintyr 

#Othello #Shakespeare #HamletIsntDead #HID #Hidiots #ClassicalTheatre #ClassicalActor #NYC #NYCTheatre #NYCActor",1.0,700,64.0,https://scontent-lga3-2.cdninstagram.com/v/t51.29350-15/439282112_1141459103968763_2992148268986172356_n.heic?stp=dst-jpg_e35_tt6&_nc_cat=109&ccb=1-7&_nc_sid=18de74&efg=eyJlZmdfdGFnIjoiQ0FST1VTRUxfSVRFTS5iZXN0X2ltYWdlX3VybGdlbi5DMyJ9&_nc_ohc=axAQhQMj5KIQ7kNvwHPCT0y&_nc_oc=AdnXFTtoEfMiYlwHu8ymnAaIr8ZO0mzJv7oCk2IUafT7MlfiGiLKfg-nuiOyOntR1Ig&_nc_zt=23&_nc_ht=scontent-lga3-2.cdninstagram.com&edm=AM6HXa8EAAAA&_nc_gid=3zdhCdK9XKlkVHtB9GCbpQ&oh=00_Afjm9ad6pyybvUToeVqTgYwew6cL-v3tofOj4pPkdJX1Ow&oe=69100CFD,https://www.instagram.com/p/C551PnfOCFK/,0.0014285714285714286
2024-10-16T13:10:57+0000,"Our interpretation of Pericles features an all gender-marginalized cast- aka #NoBoysAllowed But this decision was not made on a whim. Learn more about our vision, and get your tickets at the link in our bio- we open TOMORROW!
#Pericles #HamletIsntDead #Hidiots #Shakespeare

Text reads: Hamlet Isn't Dead's Pericles. Why no boys allowed? Quote from Tina Packer's book, Women of Will: ""It has taken hundreds of years for women‚Äôs voices to be heard and affect the course of human events. In order for the world to find its healthy balance, all women‚Äôs voices need to be heard."" End quote. Text continues: We have taken that sentiment and included all marginalized genders, not just women, in this reimagining of Pericles. Hamlet Isn't Dead has a long history of non-male interpretations, like in the 2017 production of Henry the fifth, the 2018 production of As You Like It, and the 2019 production of Troilus and Cressida. Quote from Olivia Basile, who plays Pericles, ""When you're someone in a body or a gender that is marginalized, you're never thinking Pericles is you. The rehearsal process has been a really safe space to engage with a text that I don't think I'd engage with otherwise."" End quote. Quote from Jillian Cicalese, Assistant Director, ""We‚Äôre exploring a story that is traditionally told with cis men using a better representation of today's artists and discovering how the text translates through those voices. To me, this piece is about finding power in femininity and the relationship between daughter and father. The feminine spirit through the character of Marina brings her father back to life after years of estrangement, trials, and tribulations."" End quote. Quote from Sophia Carlin, Director, ‚ÄúThe things that happen to Pericles, the loss of his wife, child, and general uncertainty of where to call home, can happen to anyone. Because we have a focus on centering marginalized voices in this production, their perspectives on these characters are upheld above anything else. My hope is that this process has become a very safe space but also a very soft space in that it is informed by the experiences and needs of the people we've chosen to collaborate with.‚Äù End Quote.",3.0,2130,93.0,https://scontent-lga3-3.cdninstagram.com/v/t51.29350-15/463369246_557178133658299_385240364412777647_n.heic?stp=dst-jpg_e35_tt6&_nc_cat=110&ccb=1-7&_nc_sid=18de74&efg=eyJlZmdfdGFnIjoiQ0FST1VTRUxfSVRFTS5iZXN0X2ltYWdlX3VybGdlbi5DMyJ9&_nc_ohc=RyU8ktftvakQ7kNvwEiM97o&_nc_oc=Adl4VuTkmiCb4BeWF6px7Ifz3dNAc2_Ps81elZy7OJBofGXflzHxO_tuCo5vkL3sbug&_nc_zt=23&_nc_ht=scontent-lga3-3.cdninstagram.com&edm=AM6HXa8EAAAA&_nc_gid=3zdhCdK9XKlkVHtB9GCbpQ&oh=00_AfhnrOJSCwzCQlgOd4ay0zOYe2nMbKs7RKKUh5J_MpAiBA&oe=69103108,https://www.instagram.com/p/DBL6rhovFvu/,0.0014084507042253522
2025-01-21T14:04:28+0000,"We are so thrilled to bring this four part series to @caveatnyc directed by some of your favorite #Hidiots üíÄ For Bard‚Äôs Sake is a series of abrieviated one acts unpacking Shakespeare‚Äôs works with hilarity and heart. #NoHateSpeare

Save the date(s)! Tickets now available in bio!

#ForBardsSake #Shakespeare #HamletIsntDead #NYCActor #Macbeth #TwoGents #AsYouLikeIt #ShrewYou #TamingOfTheShrew",2.0,1499,91.0,https://scontent-lga3-1.cdninstagram.com/v/t51.29350-15/474103062_1330955534593936_3371128005102244053_n.heic?stp=dst-jpg_e35_tt6&_nc_cat=103&ccb=1-7&_nc_sid=18de74&efg=eyJlZmdfdGFnIjoiRkVFRC5iZXN0X2ltYWdlX3VybGdlbi5DMyJ9&_nc_ohc=PyqwqGIuv2EQ7kNvwHIcmEy&_nc_oc=AdkWn62zbvWK39HiXKLSWdyMOUbMaaoOKX5SmWVzNo1mxF8PIei5VgGwHfZyQRTbr8Y&_nc_zt=23&_nc_ht=scontent-lga3-1.cdninstagram.com&edm=AM6HXa8EAAAA&_nc_gid=3zdhCdK9XKlkVHtB9GCbpQ&oh=00_AfhriXjG_1a8ig848H-kmXyRrLLDHXpqCQ42bJSQUpjwdA&oe=69103276,https://www.instagram.com/p/DFFx9xUu8Hs/,0.00133422281521014
2025-01-26T21:19:46+0000,"Shakespeare‚Äôs most absurd play comes to life at @theatre_154 this May! Our second mainstage of the season will be our 32nd of the Bard‚Äôs canon, bringing us that much closer to producing all 38. Casting and tickets coming soon! #ThanksJupiter

#ItsGonnaBeMay #Cymbeline #CymbelMeme #Shakespeare #HamletIsntDead #Hidiots #ClassicalActor #TheatreKid #NYCShakespeare",1.0,764,61.0,https://scontent-lga3-1.cdninstagram.com/v/t51.29350-15/475023582_624431849996002_1034496073406729731_n.heic?stp=dst-jpg_e35_tt6&_nc_cat=108&ccb=1-7&_nc_sid=18de74&efg=eyJlZmdfdGFnIjoiRkVFRC5iZXN0X2ltYWdlX3VybGdlbi5DMyJ9&_nc_ohc=uArCZ4nczjMQ7kNvwGyKAVV&_nc_oc=Adke1xDAsshCP9CvNxEnxLRi1XBFjBnMSZ2tq0M7SockxhdJSkafM0C_SQFqFjClb2A&_nc_zt=23&_nc_ht=scontent-lga3-1.cdninstagram.com&edm=AM6HXa8EAAAA&_nc_gid=3zdhCdK9XKlkVHtB9GCbpQ&oh=00_AfjjKV_z5H4_4Bq3WOju4HLEK_steTQ5dntO8dYv6JgwMg&oe=691026E1,https://www.instagram.com/p/DFTbwXTvIAO/,0.0013089005235602095
2025-01-15T13:27:52+0000,"Meet the cast of Ham.Net! Any of these #Hidiots could be Hamlet in our exclusive one-night-only stream of the Bard‚Äôs classic angst-fest. YOU control the story-- from the comfort of your own home üíÄüõã RSVP for free at the link in our bio to get all the instructions to stream on the 1st!

Coming to you live from @tinybabyblackbox

#HamletIsntDead #TwitchStream #InteractiveTheatre #Shakespeare #Hamlet",2.0,1943,51.0,https://scontent-lga3-1.cdninstagram.com/v/t51.29350-15/473037598_977558010889870_3868578335516455922_n.heic?stp=dst-jpg_e35_tt6&_nc_cat=102&ccb=1-7&_nc_sid=18de74&efg=eyJlZmdfdGFnIjoiRkVFRC5iZXN0X2ltYWdlX3VybGdlbi5DMyJ9&_nc_ohc=ov0wE2RBb-kQ7kNvwF3NkCJ&_nc_oc=AdkpAu1k6lRiXdndJzzsuDqWyfVxOv84IFvsBqO8UXAXFgivi2eGeDRPgTOsaC7BsSU&_nc_zt=23&_nc_ht=scontent-lga3-1.cdninstagram.com&edm=AM6HXa8EAAAA&_nc_gid=3zdhCdK9XKlkVHtB9GCbpQ&oh=00_AfjCKswJf_HQ_JJBvP__Ry1zeBXowM_k69gTxUoiyV0pFw&oe=691023E9,https://www.instagram.com/p/DE2RAZnuzzU/,0.001029336078229542
2024-03-12T16:12:34+0000,"We are thrilled to announce our 30th mainstage production! (Can you believe it?!) Othello is coming to @centeratwestpark for two weeks starting April 12 under the brilliant direction of @christopherreedbrown üçì
Tickets are on sale now and can be found on our website and in the link in our bio. Don‚Äôt miss this iconic tragedy that asks: ‚ÄúCan true love endure in the face of extreme hate?‚Äù

Poster by the incomparable @avoidohio

#HamletIsntDead #HID #Hidiots #Othello #Shakespeare #NYCTheatre #NYCShakespeare",1.0,995,111.0,https://scontent-lga3-3.cdninstagram.com/v/t51.29350-15/432600943_2199023180432217_1726391454970271311_n.heic?stp=dst-jpg_e35_tt6&_nc_cat=106&ccb=1-7&_nc_sid=18de74&efg=eyJlZmdfdGFnIjoiRkVFRC5iZXN0X2ltYWdlX3VybGdlbi5DMyJ9&_nc_ohc=_w7C1s4jwhgQ7kNvwHlmRqq&_nc_oc=AdkHXUX08mZ-UfhbXCMMP8ilVkeJtr6rha5Ke9Ewol1nc1RHcnItBYTlMeCOrHNp730&_nc_zt=23&_nc_ht=scontent-lga3-3.cdninstagram.com&edm=AM6HXa8EAAAA&_nc_gid=PiuPX5Laj15EMkLV0Pn8MA&oh=00_AfitKCYquKUrghjjvMiHUy-4G-wqvQgBS5U0Qe16VsojBA&oe=69101DF6,https://www.instagram.com/p/C4a6OVcui8i/,0.0010050251256281408
2025-02-17T14:25:28+0000,"Everyone's favorite crew of misfits is BACK and bigger than ever for #NYCFringe 
Can these Shakespearean side characters survive the script cut, or will they wait in the wings indefinitely? Find out in April at @wildprojectnyc (have you donated to #SaveWildProject yet?- do it!!)

#HamletIsntDead #HIDiots #WhenMyCueComes 

Image Description: Poster for the NYC Fringe production of When My Cue Comes, on a lined notebook paper background featuring a drawing of a woman at a cluttered desk. On the desk is a clipboard and a paper that says ""cue sheet"" and the woman holds up a bright yellow card with an exclamation point.
When My Cue Comes is directed by B Carty and was devised by Aaron Moore, Gabriel Ethridge, Madeline Parks, Natalie DeBoer, and Reid Watson. Showtimes are April third, ninth, twelfth, and fourteenth at Wild Project. Produced by Hamlet Isn‚Äôt Dead.",1.0,1038,48.0,https://scontent-lga3-1.cdninstagram.com/v/t51.29350-15/480152693_638758038557575_8930167725630241779_n.heic?stp=dst-jpg_e35_tt6&_nc_cat=103&ccb=1-7&_nc_sid=18de74&efg=eyJlZmdfdGFnIjoiRkVFRC5iZXN0X2ltYWdlX3VybGdlbi5DMyJ9&_nc_ohc=3i1Ih3DIJQYQ7kNvwGAvUj4&_nc_oc=Adn8m5dQu5WcokaFSnFNDtcFCgCAYAmawvdCDOUeg931oAZZlumaBepb1cFS9t2ynKg&_nc_zt=23&_nc_ht=scontent-lga3-1.cdninstagram.com&edm=AM6HXa8EAAAA&_nc_gid=3zdhCdK9XKlkVHtB9GCbpQ&oh=00_AfivWSVwfoeRNv3dQXM8mwJusCRNq1Q6sO6-E1kBqZHrIw&oe=69100DAD,https://www.instagram.com/p/DGLWZYCvYfs/,0.0009633911368015414
2025-02-10T13:58:47+0000,"Next in our For Bard‚Äôs Sake series is #ShrewYou üê≠ü§¨ Featuring the HID Directorial Debut of our very own @nickcstokes
Nick and our illustrious cast will tackle one of the Bard‚Äôs most problematic plays. Find out if they can fix it!!
One night only! Tickets in our bio!!

#NoHateSpeare #ForBardsSake #Shakespeare #HamletIsntDead #NYCActor #Hidiots #TheatreKid #TamingOfTheShrew",1.0,1301,50.0,https://scontent-lga3-3.cdninstagram.com/v/t51.29350-15/476966172_1149974716769625_1463304103866745401_n.heic?stp=dst-jpg_e35_tt6&_nc_cat=106&ccb=1-7&_nc_sid=18de74&efg=eyJlZmdfdGFnIjoiRkVFRC5iZXN0X2ltYWdlX3VybGdlbi5DMyJ9&_nc_ohc=uREOLY8g4H4Q7kNvwF47Kf2&_nc_oc=Admi0inXmLWV57l5dFBSEF1Arl0xuT0CLnHybKxbanLGMKndn4N6sJrUYt4oLHYEDaI&_nc_zt=23&_nc_ht=scontent-lga3-3.cdninstagram.com&edm=AM6HXa8EAAAA&_nc_gid=3zdhCdK9XKlkVHtB9GCbpQ&oh=00_AfhWA_qhUSBkrJMNYMYQ21_L05ctLWLU0FAhfT0GRN5_0A&oe=69101738,https://www.instagram.com/p/DF5RNm9Owzr/,0.0007686395080707148
2024-09-10T12:51:54+0000,"It has begun!! We had a fantastic read-through last night with this gorgeous cast! Come see them bring everyone's favorite Shakespearean epic to life-- Pericles sets sail October 17th ‚õµÔ∏è

#Pericles #HamletIsntDead #Hidiots #Shakespeare #NoBoysAllowed #NYCShakespeare #ClassicalActor",1.0,1307,90.0,https://scontent-lga3-1.cdninstagram.com/v/t51.29350-15/459034075_822965586574328_3510133125186511373_n.jpg?stp=dst-jpg_e35_tt6&_nc_cat=103&ccb=1-7&_nc_sid=18de74&efg=eyJlZmdfdGFnIjoiRkVFRC5iZXN0X2ltYWdlX3VybGdlbi5DMyJ9&_nc_ohc=QzO9ttvzD9MQ7kNvwHRWbWm&_nc_oc=Adm9pzpEQU7udn8tBqv3KD23ocCUUA9x-colMQMrWS0McM5FoKtXw1Vd6tBrHh_yS_Q&_nc_zt=23&_nc_ht=scontent-lga3-1.cdninstagram.com&edm=AM6HXa8EAAAA&_nc_gid=3zdhCdK9XKlkVHtB9GCbpQ&oh=00_AfitwGMios_HkWlAn5Hxdgxqj-mNY2gbqoHWzGRlWV8Omg&oe=69103144,https://www.instagram.com/p/C_vL70rOH8p/,0.0007651109410864575
2025-05-23T15:45:59+0000,"We are officially open!!! We could not be happier about last night's performance and our incredible opening night audience. Thank you for sharing this story with us! Here's to a fantastic two weekend run!!!

Look at these phenomenal shots by Giancarlo Osaben @osabenkenobi don't they make you want to come see the show live?? Get your tickets at the link in our bio- we close June 1st. #ThanksJupiter

#Cymbeline #Shakespeare #HamletIsntDead #Hidiots #ClassicalActor #TheatreKid #NYCShakespeare",1.0,1499,72.0,https://scontent-lga3-3.cdninstagram.com/v/t51.29350-15/500931313_1080430413898976_4331323524191392615_n.heic?stp=dst-jpg_e35_tt6&_nc_cat=110&ccb=1-7&_nc_sid=18de74&efg=eyJlZmdfdGFnIjoiQ0FST1VTRUxfSVRFTS5iZXN0X2ltYWdlX3VybGdlbi5DMyJ9&_nc_ohc=Tz-rxyR_QYgQ7kNvwEdRCJS&_nc_oc=AdmcWPEs-00pAFPqnpb0tRE07R10oiiePZ_wS0otwsekVAEa5zPEUeicwMwTRmiEXXk&_nc_zt=23&_nc_ht=scontent-lga3-3.cdninstagram.com&edm=AM6HXa8EAAAA&_nc_gid=3zdhCdK9XKlkVHtB9GCbpQ&oh=00_AfjGuMTuH3k9MHqElNdqSRvQ1lv9i3s-CeN32YqgaluLGg&oe=690FFE95,https://www.instagram.com/p/DKAGkFNNRZi/,0.00066711140760507
2025-01-06T13:47:51+0000,"""How high a pitch his resolution soars!""
We took some time to think about what resolutions these Shakespeare characters would have. What are your New Years Resolutions?
Lots of #HIDiocy planned for 2025! Stay tuned for some exciting announcements!

#HamletIsntDead #Hidiots #Shakespeare #ClassicalActor #TheatreKid #NewYearsResolution",1.0,1623,83.0,https://scontent-lga3-1.cdninstagram.com/v/t51.29350-15/472771951_3880722492148138_7677256190516393567_n.heic?stp=dst-jpg_e35_tt6&_nc_cat=102&ccb=1-7&_nc_sid=18de74&efg=eyJlZmdfdGFnIjoiQ0FST1VTRUxfSVRFTS5iZXN0X2ltYWdlX3VybGdlbi5DMyJ9&_nc_ohc=u1dSlXjj_ggQ7kNvwEYuaNN&_nc_oc=AdmmK90C66-HNszrB2G18On5EqgR4ECgFAQnbGO1Hn6SItfiZ_vME5w15rIcKYoiaSs&_nc_zt=23&_nc_ht=scontent-lga3-1.cdninstagram.com&edm=AM6HXa8EAAAA&_nc_gid=3zdhCdK9XKlkVHtB9GCbpQ&oh=00_AfgB1DpRcZDlw2ezLY0crMjkFE2Oszy57F3y4qtnTLRfzA&oe=69102347,https://www.instagram.com/p/DEfII6hOUaG/,0.0006161429451632779
2024-09-16T16:02:58+0000,"Our ticket link is LIVE! 

The story of Pericles is one that deserves to be told‚Ä¶ from an entirely new perspective. 

Come for the pirates, jousting tournaments, and sea shanties... Stay for the gorgeous performances, choreography, and original music by @sleotacarlin. Featuring a no-boys-allowed cast, Hamlet Isn't Dead's Pericles asks the question, ‚Äúwhat makes a life worth living?‚Äù¬†

‚öìÔ∏è Set sail with us on October 17th! Ticket link in our bio üéü

Stunning poster designed by Josh Stauffer!!! 

#Pericles #HamletIsntDead #Hidiots #Shakespeare #CenterAtWestPark #NYCShakespeare #NoBoysAllowed #ClassicalActor #ComeSailAway",1.0,2427,74.0,https://scontent-lga3-3.cdninstagram.com/v/t51.29350-15/460353912_1593912951231628_4582703277763067756_n.heic?stp=dst-jpg_e35_tt6&_nc_cat=110&ccb=1-7&_nc_sid=18de74&efg=eyJlZmdfdGFnIjoiRkVFRC5iZXN0X2ltYWdlX3VybGdlbi5DMyJ9&_nc_ohc=CZ8iqQEIvRoQ7kNvwFZcyFY&_nc_oc=AdlMa_jiYoh3V3MYGcGkksb7d1dAayE0pMoolhbmhGcUR8PBgAqvFb4qRnLaRRrBg0M&_nc_zt=23&_nc_ht=scontent-lga3-3.cdninstagram.com&edm=AM6HXa8EAAAA&_nc_gid=3zdhCdK9XKlkVHtB9GCbpQ&oh=00_Afj2parv89y6Lu_vbRduZQChxTQTN8sf_a15JMs9b125Bg&oe=69103066,https://www.instagram.com/p/C_--kfDuQPP/,0.00041203131437989287
2024-10-21T12:30:48+0000,"Our second week of performances is fast approaching- starting with our Understudy Showcase on Wednesday! These three outstanding performers are covering multiple tracks, including the ones they're portraying in two days. This show would not be possible without their time and talent- come see them shine!! Tickets available at the link in our bio!
#Pericles #Shakespeare #HamletIsntDead #Hidiots #ClassicalActor #NoBoysAllowed #NYCShakespeare 

Text reads, ""Hamlet Isn‚Äôt Dead‚Äôs Pericles. Understudy night October twenty third at seven thirty. Adaline Gomez as Marina and Second Knight, Stefania Gonzalez as Pericles, Audrey Loomis as Gower and Band.
Adaline Gomez is a NYC based actor and sad little poem writer. She has had a blast making her Hamlet Isn‚Äôt Dead debut! Recent credits include the Oresteia with the Gallery Players; Alice Again, Much Ado About Nothing, and Henry IV pt. 1&2 with Stag and Lion Theatre Company; and Jean Jackets and Red Pandas at the NY Theater Festival. She received her BFA from the New School for Drama. 
Stefania Gonzalez is an actress, fight choreographer, and producer living in New York City, originally from Ann Arbor, MI. She has her BFA from the University of Michigan and has also studied Shakespeare at the London Academy of Music and Dramatic Arts. She is known for playing Alicia in The Thanksgiving Play in Palm Springs, CA and Tania in Native Gardens at Meadowbrook Theater, as well as Juliet in R&J inLondon and Marion in the Heart of Robin Hood at UofM. Stefania Gonzalez dot com.
Audrey Loomis is a NYC based actor originally from Austin Texas. Other theatre credits include As You Like It (Amoeba Productions), Cymbeline, Little Women (Quest Players), Comedy of Errors and Measure for Measure (Hoosier Shakespeare Festival). She is a graduate of the University of Texas at Austin, and her undergraduate thesis, ‚ÄúUnsex Me: Exploring Gendered Adaptation in Shakespeare‚Äù was presented at the Utah Shakespeare Festival‚Äôs Wooden O Symposium.""",1.0,3636,63.0,https://scontent-lga3-2.cdninstagram.com/v/t51.29350-15/464131865_1077959940720758_2641481990828487327_n.heic?stp=dst-jpg_e35_tt6&_nc_cat=105&ccb=1-7&_nc_sid=18de74&efg=eyJlZmdfdGFnIjoiQ0FST1VTRUxfSVRFTS5iZXN0X2ltYWdlX3VybGdlbi5DMyJ9&_nc_ohc=Swk0HoulE6AQ7kNvwHEkZ-Q&_nc_oc=Adkcq0naRqUHDc7fSwXhsX4QQQgjkqzvfF4FIag4k2t0oHgtcLl-2EF07kpnrc6QYs0&_nc_zt=23&_nc_ht=scontent-lga3-2.cdninstagram.com&edm=AM6HXa8EAAAA&_nc_gid=3zdhCdK9XKlkVHtB9GCbpQ&oh=00_AfjURcXYyMBnzLu1OTE_DIK3_j0hKSEOsZTjB-vdPoPASQ&oe=69100FC2,https://www.instagram.com/p/DBYuIlavg0e/,0.000275027502750275
